replica,PEHE,ATE_error
1,0.43181178,0.06390047
2,0.4321003,0.029836178
3,0.5382883,0.032364845
4,0.5518065,0.09743023
5,0.63243914,0.07607126
6,0.45416176,0.007762432
7,0.46044868,0.18816996
8,0.7177657,0.07947707
9,2.9600878,0.13753796
10,1.2191517,0.2159152
11,0.5605302,0.13957143
12,0.72520334,0.033254623
13,4.5488234,0.07735729
14,0.44333696,0.04813814
15,0.5848528,0.12724233
16,1.3846003,0.3346839
17,0.72344744,0.11159778
18,0.72186273,0.31487322
19,0.59576803,0.102719784
20,0.4987654,0.016590595
21,9.510939,2.4162402
22,0.48364604,0.055006027
23,0.71210957,0.076489925
24,1.0094469,0.032176733
25,0.7821906,0.20370817
26,16.991716,2.962103
27,0.56739396,0.16348958
28,4.5621624,0.67768097
29,0.7131362,0.10106826
30,0.6449653,0.0022206306
31,0.6804194,0.020514488
32,0.44448125,0.057836533
33,0.6691478,0.16306162
34,5.1305194,0.5317087
35,0.8579584,0.1676476
36,0.7905267,0.24982929
37,1.0707414,0.15663934
38,0.6714387,0.0045921803
39,1.1270845,0.13977766
40,0.71282965,0.017653942
41,0.5405933,0.1887312
42,0.5494105,0.034228325
43,0.45249555,0.014989853
44,0.57396907,0.15789104
45,0.8685821,0.015054703
46,0.6067778,0.0743022
47,0.7162285,0.14186049
48,0.49376196,0.08311677
49,0.71018904,0.034983635
50,0.66094106,0.17284322
51,0.5397321,0.16924906
52,0.7029439,0.26410294
53,1.5216731,0.015771866
54,0.8965108,0.021395683
55,0.6517445,0.14884686
56,0.17084976,0.084129095
57,0.48117602,0.18899679
58,0.65106165,0.15778542
59,0.972504,0.13435793
60,1.094067,0.16800547
61,0.4548739,0.052540302
62,0.6256343,0.0432961
63,0.68078303,0.14312696
64,0.55646425,0.13608813
65,0.8170599,0.036710262
66,0.59698206,0.0997076
67,0.7450712,0.09935951
68,4.718472,0.3469906
69,0.4270989,0.026374817
70,0.11634818,0.0067863464
71,1.0751861,0.18916416
72,0.1687918,0.16550255
73,0.45969462,0.08662224
74,0.42410275,0.04616332
75,0.103573784,0.012828112
76,1.2526425,0.08468628
77,0.3635029,0.07293749
78,0.47525227,0.036248684
79,0.8266988,0.1379385
80,0.40894058,0.1392219
81,2.2504349,0.11016369
82,0.976029,0.22997308
83,0.6965684,0.1709714
84,6.7017074,0.91376996
85,23.008263,0.6201919
86,1.474801,0.14695024
87,0.54150933,0.024190903
88,0.16848654,0.15025616
89,0.716082,0.011461496
90,0.56187844,0.029073477
91,0.5266936,0.30545187
92,0.65107244,0.13169599
93,1.5022155,0.18395138
94,0.5157971,0.049577713
95,0.53023237,0.040211678
96,0.49941352,0.08241844
97,0.6536947,0.24512815
98,1.5944422,0.072896
99,0.7553837,0.10534763
100,0.6851785,0.26976442
101,0.7573203,0.053482056
102,0.8528324,0.15956593
103,0.67117363,0.08296394
104,0.8238987,0.1359899
105,0.7165035,0.007297516
106,0.490351,0.059111834
107,0.47040153,0.0017366409
108,31.124891,6.0047755
109,1.0343573,0.117353916
110,1.2009324,0.22090578
111,0.7667521,0.25706887
112,0.77484363,0.08320713
113,6.8616495,0.8561177
114,0.4535946,0.019191742
115,0.75256157,0.045820236
116,0.724083,0.31682062
117,0.5716898,0.095989466
118,0.659245,0.12590384
119,1.4608232,0.21316671
120,1.702453,0.38792324
121,0.6337864,0.21489573
122,0.49795005,0.056141376
123,0.7351142,0.09504366
124,1.0773032,0.011106491
125,0.65666246,0.0781908
126,1.6838967,0.08381319
127,0.73710907,0.14075232
128,0.63203007,0.20597696
129,0.92487663,0.020950317
130,1.872875,0.24750328
131,0.08944338,0.05568266
132,0.8896289,0.00446105
133,2.807898,0.021342278
134,1.0496088,0.024729729
135,0.4456483,0.14377499
136,0.6648431,0.050624847
137,1.1107951,0.016702175
138,0.45104444,0.050536633
139,0.33730248,0.0672245
140,0.52474624,0.039721966
141,0.6618046,0.11706281
142,0.70442384,0.188488
143,2.1473484,0.06575489
144,0.6577215,0.07226801
145,0.5971208,0.07451534
146,0.6908761,0.035547495
147,8.800378,0.48919868
148,0.7618137,0.1516726
149,2.6470509,0.094745636
150,0.4152967,0.09653902
151,0.67242175,0.14153051
152,0.75939775,0.16581535
153,0.84156597,0.33865547
154,0.62554437,0.06013584
155,0.7714337,0.06171608
156,0.55072767,0.12635803
157,11.259203,4.531952
158,0.97703683,0.008145094
159,0.27894706,0.26570582
160,0.7093721,0.1865511
161,0.531126,0.050343513
162,0.35784575,0.18106413
163,0.7354843,0.13637638
164,0.2935819,0.015063286
165,0.7212117,0.04997158
166,0.7218378,0.017058372
167,0.41147688,0.04085207
168,0.77250594,0.1631341
169,1.2538781,0.30621004
170,0.7250614,0.04726696
171,1.3541862,0.020309925
172,0.6025125,0.06544638
173,0.5025831,0.058239937
174,0.6336214,0.045552015
175,0.41303077,5.4597855e-05
176,0.7199149,0.098423004
177,0.7157014,0.12269497
178,0.6168408,0.2412355
179,0.61792743,0.19371128
180,1.8672458,0.056306362
181,1.2924504,0.0725956
182,0.49467975,0.08799791
183,0.5171125,0.11070061
184,0.9918001,0.02847433
185,0.65449494,0.35502028
186,0.34023064,0.26830435
187,1.3150607,0.31377602
188,0.48973805,0.15066147
189,0.86659384,0.004883766
190,0.6705762,0.071762085
191,0.4601156,0.03128004
192,0.7126592,0.22170162
193,0.6145685,0.037826538
194,0.5785428,0.20379877
195,0.6338232,0.047644615
196,0.71945894,0.048586845
197,0.6324381,0.06655979
198,0.734631,0.25773048
199,1.0845249,0.118710995
200,0.6469013,0.18499088
201,0.72662044,0.113488674
202,0.577939,0.035948753
203,0.39817888,0.09250021
204,0.75336075,0.04386115
205,1.1540325,0.021483898
206,1.2101938,0.088201284
207,0.43964064,0.08990812
208,0.60813975,0.2275486
209,1.745939,0.003519535
210,4.681879,0.26994252
211,1.0723289,0.3402319
212,0.6320147,0.21189642
213,0.28240803,0.008292675
214,0.5214771,0.111046314
215,0.5564549,0.0037887096
216,0.6117224,0.09736538
217,0.68788874,0.07701111
218,0.89522105,0.14706492
219,49.388813,8.726472
220,1.98424,0.10003805
221,0.37803927,0.12526703
222,0.5635471,0.12270999
223,0.34322453,0.19630575
224,0.42427155,0.13832426
225,0.8246388,0.09876561
226,1.0047464,0.09423542
227,0.28935674,0.09354591
228,0.69511116,0.037739992
229,0.7647477,0.054754257
230,0.66769475,0.09010267
231,1.2489444,0.2609687
232,5.487184,2.3354602
233,0.82502246,0.00065755844
234,0.26876086,0.0017476082
235,1.1753899,0.0014533997
236,0.526916,0.096208096
237,0.9172465,0.003109932
238,0.6017907,0.12517858
239,0.5864679,0.051475286
240,0.9861791,0.006773472
241,0.55788124,0.090547085
242,0.067442276,1.1444092e-05
243,7.7247615,2.3831153
244,0.85396826,0.009150982
245,2.2401943,0.17413807
246,0.62115765,0.10252309
247,0.81017745,0.05972767
248,0.53965074,0.1096158
249,0.8346434,0.07451534
250,0.6096415,0.10856485
251,0.52184993,0.037143946
252,0.45642945,0.0051267147
253,1.2669363,0.10048795
254,22.05763,2.523487
255,4.15979,0.20604134
256,0.49540278,0.0074870586
257,1.3848634,0.15769434
258,0.5125769,0.18297172
259,0.5246759,0.117583275
260,0.38370582,0.11858225
261,0.6244785,0.013551474
262,8.358018,2.2056818
263,0.4626334,0.019998789
264,0.7807763,0.22567582
265,0.57337284,0.119087696
266,0.60645175,0.08754969
267,0.9546445,0.19723225
268,0.50253737,0.13608694
269,0.6596824,0.12906122
270,0.39994118,0.044137716
271,0.7180929,0.052764177
272,0.86810994,0.03891039
273,1.8197614,0.051487923
274,0.42334288,0.17771435
275,0.6340514,0.07906914
276,1.8962425,0.10158157
277,0.86380893,0.16082239
278,0.0464242,0.034375668
279,0.56801313,0.27687788
280,0.9746338,0.18317223
281,2.5019357,0.17198277
282,4.349623,0.065041065
283,1.3149407,0.07329607
284,0.56369454,0.073168755
285,0.36876622,0.22845411
286,0.9106847,0.17010593
287,0.7450379,0.044209003
288,0.9795668,0.04826927
289,0.54597735,0.09491658
290,0.6895756,0.020152569
291,0.60680413,0.1317854
292,2.322662,0.031323195
293,0.8407104,0.007247925
294,0.30834708,0.055766106
295,0.593128,0.017337322
296,1.1855029,0.15303135
297,0.5158866,0.0077495575
298,0.62716913,0.07562137
299,0.24186829,0.15890813
300,0.5651797,0.23608351
301,0.5429719,0.062067986
302,0.946239,0.0037055016
303,0.9402159,0.022980213
304,0.51195234,0.01904583
305,0.56805795,0.14145684
306,0.59287065,0.10520315
307,0.73724484,0.07907891
308,1.1332731,0.06588602
309,0.6513448,0.069337845
310,13.643781,2.3937535
311,1.2397379,0.111322165
312,1.2666001,0.0038609505
313,0.60520875,0.104878426
314,7.0861964,1.6426682
315,1.4445992,0.22464108
316,0.7030857,0.084733486
317,0.6312998,0.0072307587
318,0.65703756,0.1406498
319,0.7454986,0.035706043
320,28.539948,3.258584
321,1.1851974,0.14967203
322,0.8405495,0.32910872
323,1.5357167,0.0075335503
324,0.74358827,0.16097975
325,0.7869196,0.16918278
326,1.1850164,0.40317154
327,0.8030884,0.04867482
328,0.6951299,0.14090681
329,1.9533503,0.044057846
330,8.60498,1.6628094
331,0.8981998,0.00084257126
332,0.7190123,0.2019751
333,0.88254684,0.023875713
334,0.5630903,0.2683375
335,0.6356989,0.058392525
336,0.6502506,0.10846043
337,0.9141143,0.16789103
338,2.1124966,0.053084612
339,0.5524631,0.011030674
340,0.31714854,0.08139038
341,2.7009642,0.065320015
342,1.1874189,0.110589504
343,4.959437,2.4450312
344,18.551533,4.464157
345,37.648483,3.2660642
346,2.4636421,0.15024853
347,0.7879352,0.006811142
348,15.843078,2.1246557
349,0.5756298,0.122369766
350,0.88942593,0.07838774
351,1.7790511,0.0049772263
352,0.8343075,0.13316059
353,0.74145615,0.011096239
354,10.103295,2.7023997
355,0.33891872,0.028223991
356,0.63582677,0.31900454
357,15.493263,1.5322376
358,0.5324626,0.10704732
359,0.70802504,0.089716434
360,0.6148333,0.17077494
361,1.5170431,0.076618314
362,2.0283833,0.20162249
363,0.98882735,0.028338194
364,0.433295,0.10388756
365,0.57530665,0.15564728
366,0.8504548,0.15728521
367,0.63374496,0.115159035
368,0.57686436,0.033044815
369,0.49637732,0.12493992
370,1.1358339,0.1841855
371,0.60087186,0.15832806
372,0.70478773,0.05632925
373,0.6126692,0.074484825
374,2.8609197,0.19593859
375,0.4827516,0.15956306
376,0.48619205,0.07800102
377,0.44166893,0.08092904
378,0.15835497,0.12648892
379,0.3850008,0.16964197
380,0.8006173,0.14717913
381,0.4333678,0.11612654
382,0.54461485,0.183352
383,1.2445102,0.020590782
384,0.38964057,0.011888027
385,0.6879449,0.11067009
386,26.061642,2.4309828
387,2.509391,0.0044431686
388,0.5366952,0.2259984
389,0.58137,0.050263643
390,0.73431647,0.05189681
391,0.91469723,0.033951044
392,0.80042183,0.10976648
393,0.8053613,0.030792236
394,0.88237554,0.03628826
395,0.5629593,0.17749834
396,0.2593687,0.060926437
397,0.44610286,0.009676218
398,0.6681021,0.19342542
399,0.58098894,0.056797028
400,0.6570564,0.10037327
401,1.0079654,0.18116617
402,1.3078431,0.24603224
403,0.47554,0.09659958
404,0.5921882,0.20425224
405,0.55854964,0.11761522
406,0.741899,0.084934235
407,0.33446684,0.006209135
408,0.65893143,0.12462425
409,0.9067613,0.0024290085
410,0.8501453,0.2583809
411,1.2541738,0.016790867
412,0.42300326,0.06116581
413,0.89906925,0.05364847
414,0.6924671,0.21224022
415,0.704727,0.084939
416,6.32064,0.026439667
417,0.51119137,0.08054781
418,0.49007234,0.2393198
419,0.9312939,0.24107122
420,0.8176751,0.31906343
421,0.40783912,0.00044441223
422,0.84584016,0.038843393
423,0.32560828,0.10966158
424,0.522157,0.07106495
425,0.46272394,0.0580101
426,0.46025777,0.075396776
427,0.781785,0.10453224
428,0.81619394,0.1537416
429,0.80227506,0.008615017
430,0.45776188,0.0039772987
431,0.85104597,0.024074554
432,1.0861214,0.07456827
433,0.16951063,0.02152872
434,0.79455656,0.09872389
435,51.66803,2.7966082
436,0.44872764,0.008738995
437,0.71167475,0.18126154
438,1.3839496,0.079123974
439,0.9486651,0.07394028
440,1.071701,0.090054035
441,0.81332076,0.14174795
442,0.46662104,0.12254548
443,0.6208595,0.005745411
444,0.6284891,0.1728487
445,0.75606495,0.23911858
446,0.7373875,0.10160208
447,0.9464791,0.043553352
448,0.5274751,0.038642883
449,0.7912728,0.23104715
450,7.494381,2.341044
451,0.8849,0.01977396
452,0.60806954,0.03961277
453,1.046959,0.07534361
454,0.35877004,0.19341278
455,0.6849741,0.0875411
456,0.75459045,0.2688043
457,0.5233055,0.03638172
458,0.6508655,0.053343773
459,3.0530396,1.9310288
460,0.66002434,0.07015371
461,0.92639136,0.19261122
462,1.2624042,0.23891068
463,0.6807127,0.06741285
464,0.5665936,0.12712407
465,0.53599566,0.011247635
466,1.0086101,0.17622519
467,0.60538363,0.08094883
468,0.6119726,0.12710285
469,1.744678,0.041917324
470,0.6278005,0.016095638
471,0.6476636,0.19802451
472,8.011292,1.9121661
473,0.6486572,0.034059525
474,2.4931583,0.12595177
475,2.43785,0.43730545
476,4.173819,0.39156914
477,0.72984225,0.11480856
478,1.0439333,0.1398511
479,0.5809917,0.05430746
480,0.89725995,0.10937166
481,19.981308,1.3348604
482,0.7095708,0.011674404
483,1.4603641,0.003888607
484,0.97937965,0.057112217
485,0.6009775,0.123860836
486,0.6650996,0.13333988
487,0.6730444,0.2999854
488,0.58256894,0.084560156
489,0.45137104,0.029453993
490,0.8313371,0.024912834
491,0.18315019,0.12888479
492,0.6416372,0.107058525
493,0.80903834,0.19513035
494,0.6265287,0.022313118
495,0.7433044,0.079753876
496,0.5191055,0.09142876
497,0.65238297,0.20863652
498,0.46414605,0.20254946
499,0.8310013,0.17458987
500,1.1312605,0.02736044
501,0.2248689,0.116859436
502,0.5827513,0.012016773
503,0.8121676,0.14187622
504,0.6050665,0.03236246
505,0.57348424,0.081211805
506,0.41402853,0.14448452
507,1.4580303,0.09525585
508,0.5132473,0.07797837
509,0.8657547,0.048691273
510,0.6824762,0.028654575
511,0.48305878,0.051671505
512,17.531406,2.8153133
513,0.9792407,0.027000904
514,0.8966408,0.10286021
515,3.1802256,0.12831783
516,0.6874433,0.06201291
517,3.0518894,0.006287575
518,0.5831047,0.029214859
519,0.91111946,0.019989014
520,0.29429445,0.28875732
521,0.99901295,0.17959833
522,0.56255764,0.006907463
523,1.2631525,0.19774628
524,0.4878677,0.045404196
525,1.4423035,0.015065193
526,0.55342716,0.06493926
527,0.6251876,0.1237061
528,0.7102185,0.035827875
529,0.5457554,0.11818886
530,0.9900126,0.0066099167
531,0.68884605,0.11564255
532,0.5381086,7.724762e-05
533,0.48130903,0.03343296
534,0.47443193,0.19435263
535,0.67703974,0.164006
536,1.1406068,0.14817667
537,1.5755116,0.026675701
538,0.6509885,0.065550804
539,0.97412217,0.20487309
540,0.6826434,0.009286165
541,0.69934076,0.0068986416
542,20.497797,3.9955711
543,0.44081545,0.25913334
544,0.5298859,0.06620216
545,1.35343,0.030500889
546,0.7519995,0.17745113
547,0.5252803,0.27431154
548,0.6744037,0.053271294
549,0.5446818,0.07459545
550,0.7626249,0.047602177
551,0.2271627,0.17422485
552,1.0876622,0.10161209
553,0.6273421,0.123523235
554,2.6247532,0.17264795
555,0.23828234,0.19661236
556,2.0063522,0.2581482
557,0.9227204,0.037312508
558,0.29878414,0.13196659
559,0.63777256,0.20963717
560,0.7669432,0.16734147
561,0.7340407,0.11757636
562,0.889276,0.2160492
563,0.8578636,0.2558279
564,0.7207723,0.18490815
565,0.83398426,0.23056126
566,0.70272845,0.2533946
567,0.6803931,0.025927067
568,0.7087189,0.014961958
569,0.54245365,0.014951229
570,1.1643851,0.03253913
571,0.63298154,0.15553522
572,0.3529281,0.095047
573,0.52502924,0.22487521
574,0.38959676,0.09470463
575,2.084303,0.08985758
576,25.921318,2.935875
577,0.22512132,0.017197847
578,1.0309561,0.19148636
579,0.5847028,0.059389114
580,0.5081705,0.063568115
581,0.84352756,0.21675205
582,0.5547566,0.106753826
583,0.9804555,0.047250748
584,0.53556985,0.15776443
585,0.7098698,0.13121939
586,0.5559301,0.02947092
587,0.6898061,0.1334796
588,0.40412933,0.0020432472
589,5.765339,0.3309374
590,0.6675461,0.09111166
591,0.7216144,0.19929147
592,0.6967919,0.045464516
593,1.0711695,0.004114151
594,0.48256993,0.042497158
595,1.3026724,0.010561943
596,0.66716796,0.08155441
597,0.75052774,0.07805467
598,0.59175676,0.08068943
599,0.64130294,0.14584446
600,0.46590078,0.049426794
601,1.5866671,0.16398573
602,0.80930316,0.046097755
603,4.381185,0.82793045
604,0.60746336,0.07198405
605,0.58945286,0.10942578
606,0.594166,0.05601549
607,0.56932175,0.15534258
608,0.62743175,0.19031978
609,0.91752964,0.11946106
610,0.67813224,0.21917057
611,0.55300456,0.06331587
612,0.5383737,0.027629852
613,0.8463896,0.043305874
614,0.79556364,0.058320522
615,0.6537589,0.16810846
616,0.52146816,0.052809715
617,0.75790447,0.15991259
618,0.550827,0.111774445
619,2.7280385,0.0008263588
620,0.58098495,0.23657274
621,0.452515,0.19566965
622,1.1483313,0.0020639896
623,0.6644753,0.24358845
624,1.3665514,0.11494446
625,0.6866642,0.22429991
626,0.77453667,0.19077635
627,1.1829385,0.08260083
628,0.8742077,0.020825386
629,0.51467645,0.042263985
630,0.57389295,0.08443451
631,0.98742074,0.25990915
632,0.6604592,0.25854874
633,0.60325295,0.030978918
634,1.2190686,0.1097064
635,0.769398,0.093153715
636,0.78815484,0.12056947
637,10.016227,1.6186604
638,0.6196832,0.05505562
639,0.541428,0.002266407
640,0.49943516,0.1641264
641,0.5953972,0.26090717
642,0.30562606,0.027388096
643,1.3906273,0.04232788
644,0.8301477,0.02071309
645,0.7827345,0.2346909
646,1.0369196,0.10486555
647,1.5546242,0.21384501
648,33.305965,0.54319715
649,0.5367698,0.085843086
650,1.3963269,0.097607136
651,1.2972127,0.039597034
652,3.153329,0.08599758
653,0.4874808,0.08695841
654,0.55903256,0.045387506
655,0.3804376,0.026633501
656,1.1950177,0.1655178
657,1.554741,0.03182316
658,0.94861716,0.25313497
659,0.74820465,0.06079483
660,5.932019,2.3569915
661,0.854878,0.14786434
662,0.5440039,0.038851738
663,1.0031976,0.25714493
664,0.823445,0.1344881
665,0.9567929,0.027030945
666,1.58162,0.08570576
667,0.7070501,0.12805128
668,0.25475362,0.1459136
669,0.5107777,0.11988664
670,0.35915306,0.120999575
671,0.81000423,0.11058378
672,0.48534688,0.020201206
673,33.382675,5.510545
674,0.58231574,0.15059829
675,0.74297726,0.19165802
676,15.937969,0.26565182
677,0.6128531,0.09751415
678,0.66802615,0.0037779808
679,1.8926209,0.01442337
680,0.36795717,0.035957813
681,1.3579777,0.5077958
682,0.9215596,0.1489954
683,1.1636815,0.33952904
684,31.049025,2.347221
685,2.789572,0.01655817
686,0.5917978,0.20348501
687,0.578642,0.016889572
688,0.28049734,0.108911514
689,0.7737271,0.070717335
690,0.8208179,0.07829571
691,0.5361993,0.22098017
692,0.53130287,0.11919713
693,0.62302387,0.1053555
694,0.62158006,0.20428562
695,0.54225004,0.011389732
696,1.1038337,0.08297205
697,0.8012511,0.08720946
698,0.25163698,0.09405255
699,0.50370276,0.077992916
700,0.5533833,0.06902242
701,0.93499935,0.110480785
702,0.6009221,0.05035448
703,1.5806595,0.05579567
704,0.5751112,0.1397996
705,0.3716181,0.05200863
706,0.9294888,0.01975298
707,0.63621706,0.10302305
708,0.6390717,0.15653563
709,3.0072775,0.10406065
710,8.33876,2.358938
711,0.8007542,0.026147366
712,0.5423418,0.12965536
713,3.065438,0.02722168
714,0.6371594,0.010803223
715,0.33884048,0.025631666
716,1.6178519,0.06060791
717,0.58100486,0.17959857
718,0.72185737,0.037510872
719,0.36748925,0.051520824
720,9.086965,0.092969894
721,0.35928467,0.06419945
722,0.53571385,0.11482096
723,0.30684748,0.09050441
724,2.0854762,0.042487144
725,1.7202708,0.06688976
726,1.8583513,0.5207157
727,0.84203917,0.31482315
728,0.44146177,0.108992815
729,0.6240763,0.23682737
730,0.65711236,0.29078817
731,1.1734078,0.06438303
732,0.57858455,0.040616274
733,0.5313319,0.04497075
734,0.12209216,0.028794765
735,0.80359334,0.0017139912
736,0.8738418,0.20243216
737,0.76960176,0.12026167
738,1.0537233,0.14787483
739,0.60882455,0.08004618
740,0.6532664,0.14735174
741,0.72384256,0.0032873154
742,0.52632624,0.18716383
743,4.007229,0.12742233
744,0.44731393,0.116083145
745,0.40551022,0.034279346
746,0.49417037,0.001657486
747,0.6511852,0.13692999
748,4.434496,2.0418177
749,0.6020053,0.107628345
750,0.3419074,0.07223296
751,0.75694066,0.06799364
752,0.41867405,0.07405329
753,1.3405595,0.2059946
754,0.51490164,0.014445305
755,0.68507594,0.10757828
756,0.40810135,0.2741499
757,0.9156307,0.26941156
758,0.8219489,0.026462555
759,1.4240878,0.01951456
760,0.9030433,0.034221172
761,1.1338812,0.115365386
762,0.9577005,0.21130657
763,0.6873985,0.1312046
764,1.1184009,0.027136803
765,0.9361663,0.17970753
766,1.5459857,0.13142252
767,0.7196272,0.063325405
768,0.61780524,0.0382905
769,0.6618485,0.061129093
770,8.607251,0.15553474
771,0.60643804,0.015444279
772,12.589665,0.40038967
773,0.59272254,0.16591549
774,1.0198262,0.065894365
775,0.33885422,0.0037446022
776,2.789385,0.18444109
777,0.6504724,0.007797718
778,0.4445827,0.102900505
779,0.6365676,0.119745255
780,0.55943,0.085247755
781,0.71227187,0.011641264
782,0.69915223,0.05919504
783,0.9809278,0.07911658
784,0.19110754,0.08475137
785,0.709307,0.020344734
786,0.8597562,0.09680605
787,0.6105428,0.20759392
788,1.9180282,0.00593248
789,0.5273211,0.04616356
790,0.6209268,0.042639732
791,0.78547686,0.07387352
792,0.6895412,0.030534267
793,0.5051972,0.059582233
794,6.977302,3.388585
795,2.255566,0.18065071
796,0.7814719,0.045862198
797,0.6219332,0.18618679
798,0.5172347,0.1448226
799,0.5159042,0.027431011
800,0.6434804,0.02522707
801,0.6734462,0.00015354156
802,0.67087954,0.039546967
803,0.16702482,0.03251505
804,0.69426286,0.17807388
805,0.7073662,0.0019886494
806,2.258455,0.0932703
807,0.47739115,0.25325108
808,0.54650974,0.10607505
809,0.11662733,0.03950405
810,0.58528566,0.12624359
811,0.8819674,0.09917116
812,1.0881737,0.2276721
813,1.8794951,0.07168794
814,2.7674642,0.0038852692
815,0.15168996,0.12783957
816,0.61576635,0.18509817
817,0.57256985,0.21489334
818,2.4256139,0.047635555
819,11.242526,2.0063944
820,37.01999,1.994269
821,0.8350948,0.18329597
822,0.81097615,0.23692322
823,0.80592966,0.06314039
824,0.42480284,0.12998772
825,0.7862242,0.0945425
826,2.2424452,0.046994686
827,1.2611763,0.038783073
828,0.6226969,0.029740095
829,0.59909713,0.004524231
830,0.6198254,0.14404154
831,1.2092067,0.05718589
832,0.7025319,0.2303071
833,1.5226955,0.013720989
834,0.8182445,0.21326208
835,0.5721128,0.11738515
836,0.5315538,0.17377567
837,1.0039101,0.09253931
838,0.74368125,0.10137749
839,0.8860076,0.009150505
840,0.7262847,0.08495712
841,1.6568003,0.0695796
842,0.2765435,0.06961608
843,1.1559402,0.27904892
844,0.4099042,0.21953368
845,0.5401051,0.061113358
846,0.19325669,0.049814463
847,0.80664337,0.06586981
848,0.99994785,0.1057744
849,0.4657904,0.18866968
850,0.6718435,0.14045572
851,0.73686695,0.12386632
852,1.395058,0.24425697
853,0.45779377,0.124931335
854,0.261165,0.08339977
855,0.72290874,0.022576809
856,1.1794857,0.09200096
857,1.2146102,0.105890274
858,0.39667818,0.040399075
859,1.1313683,0.10092354
860,0.56245005,0.1271987
861,0.7324654,0.13377666
862,0.5644132,0.1445508
863,0.74031323,0.124863386
864,0.6679128,0.10659146
865,1.6962614,0.58775735
866,0.8683711,0.12691832
867,1.4468166,0.026488781
868,7.559041,2.9387412
869,2.0831583,0.1382432
870,0.5456218,0.0415473
871,8.369244,2.4519901
872,12.676301,2.3306818
873,0.23262836,0.07970905
874,0.51524925,0.035518646
875,0.6482808,0.016703129
876,0.88555026,0.20678496
877,0.5309988,0.041225433
878,0.581923,0.050403118
879,0.22362167,0.21563745
880,1.1386949,0.047077656
881,0.612488,0.10340452
882,0.5432476,0.15116763
883,0.51132774,0.1453166
884,1.4951106,0.042915344
885,1.2818162,0.08506775
886,0.5336053,0.19573474
887,2.4039629,0.100209236
888,0.78342295,0.17320776
889,0.5217789,0.0038414001
890,0.82029057,0.23297358
891,0.84423625,0.10575724
892,0.6275071,0.27666044
893,9.853385,1.1528908
894,2.4142346,0.1478529
895,0.79934466,0.14920521
896,0.85678345,0.060673714
897,0.61101705,0.33380842
898,0.65585035,0.16681719
899,0.76385325,0.054276943
900,0.70221364,0.077890635
901,0.5300317,0.06950021
902,1.1116226,0.080108166
903,1.0680672,0.032122612
904,0.6588319,0.011358738
905,0.88511133,0.07473612
906,0.73905826,0.2073443
907,0.7529638,0.09748888
908,0.26763052,0.014634848
909,1.2633088,0.022444248
910,0.401233,0.017399788
911,2.205015,0.4999733
912,0.5041295,0.02791357
913,0.7237554,0.06755638
914,0.70922655,0.02696228
915,0.7961207,0.21534324
916,0.84466267,0.018532753
917,0.7516537,0.2734723
918,0.6536652,0.042355537
919,1.0812315,0.06438446
920,0.76731014,0.22163582
921,0.54282415,0.044533253
922,0.65485114,0.19746828
923,0.82086205,0.17382097
924,1.8148259,0.14947915
925,23.082201,1.9506276
926,0.80671304,0.046248198
927,5.900718,2.111329
928,0.98006016,0.16681552
929,0.7263059,0.096337795
930,0.84401596,0.076413155
931,2.924417,0.17961931
932,0.6064527,0.11534834
933,1.2798101,0.06893206
934,9.889424,2.1171255
935,0.4649011,0.08172703
936,2.9560194,0.19209003
937,0.71682,0.22329617
938,0.626262,0.09046173
939,0.8596355,0.19202638
940,0.7045465,0.12887716
941,0.719825,0.011919498
942,0.5990156,0.032559395
943,0.7580023,0.048550367
944,0.13480553,0.07547808
945,0.60086226,0.035176277
946,0.5354805,0.029057741
947,1.2326615,0.15403366
948,0.8242536,0.34056187
949,1.6567906,0.30446434
950,0.5637146,0.09382391
951,0.56562865,0.097914934
952,0.640672,0.0077872276
953,0.6221239,0.010834217
954,0.59864753,0.09386301
955,0.7945677,0.13448715
956,0.6585953,0.052299976
957,1.9079165,0.18119526
958,1.4794195,0.06673288
959,1.4043074,0.11053753
960,1.2032167,0.051698685
961,0.8480656,0.25515985
962,3.9581013,0.28297234
963,1.1708788,0.1866579
964,0.3738686,0.05756235
965,0.6223367,0.043616533
966,5.4656854,2.3420386
967,0.98544234,0.07876706
968,0.7572958,0.20442057
969,0.7919515,0.29369164
970,0.6510103,0.040153503
971,0.43490428,0.010874987
972,19.763233,2.3125896
973,0.4993685,0.0065145493
974,1.137415,0.049925804
975,1.048144,0.10616207
976,0.75613904,0.09263086
977,0.64427894,0.11448145
978,0.61345667,0.21999693
979,0.14172547,0.09476924
980,0.5712805,0.050094128
981,0.79290897,0.13639116
982,0.84475476,0.20683694
983,0.6745358,0.21430683
984,0.683505,0.071361065
985,0.8157763,0.18682265
986,0.8659742,0.017884254
987,0.49417382,0.07751584
988,2.3293765,0.02148819
989,0.7640502,0.19380522
990,1.3122988,0.0097231865
991,0.7484791,0.037674904
992,1.0174992,0.08146095
993,1.043219,0.011102676
994,0.74310666,0.20007777
995,0.6938957,0.09324169
996,0.9643388,0.076316595
997,1.9759532,0.19156599
998,0.5004607,0.022557735
999,0.6781082,0.037610054
1000,0.8044035,0.037444115
