replica,epoch,loss,base_loss,ctr_loss
0,1,2985.054155,2981.28243,3.771732
0,2,449.449393,445.320802,4.128591
0,3,320.419439,318.757651,1.661788
0,4,168.48135,167.291163,1.190187
0,5,69.51181,68.456917,1.054893
0,6,24.623742,23.687581,0.936161
0,7,14.422338,13.55126,0.871078
0,8,10.358491,9.505442,0.853049
0,9,8.160752,7.3432,0.817552
0,10,7.188791,6.395747,0.793044
0,11,6.659071,5.886047,0.773024
0,12,6.399267,5.642417,0.75685
0,13,6.219347,5.485265,0.734082
0,14,6.12896,5.409473,0.719487
0,15,6.041599,5.330295,0.711304
0,16,5.97399,5.272614,0.701376
0,17,5.923302,5.239566,0.683736
0,18,5.863938,5.195049,0.66889
0,19,5.783516,5.117738,0.665778
0,20,5.748115,5.099886,0.648229
0,21,5.702404,5.065591,0.636813
0,22,5.648854,5.023204,0.62565
0,23,5.573891,4.964639,0.609252
0,24,5.562242,4.955601,0.60664
0,25,5.514825,4.920084,0.594741
0,26,5.469048,4.881889,0.587159
0,27,5.441844,4.868788,0.573056
0,28,5.370433,4.805255,0.565178
0,29,5.325287,4.769447,0.55584
0,30,5.294381,4.747312,0.54707
0,31,5.249295,4.708389,0.540905
0,32,5.212878,4.672432,0.540446
0,33,5.186275,4.665952,0.520323
0,34,5.124181,4.604913,0.519269
0,35,5.1129,4.603661,0.509239
0,36,5.085116,4.576561,0.508555
0,37,5.044834,4.544433,0.500401
0,38,5.008493,4.512542,0.495951
0,39,5.012406,4.51967,0.492735
0,40,4.954082,4.470795,0.483287
0,41,4.935131,4.454558,0.480573
0,42,4.89875,4.416301,0.482449
0,43,4.888127,4.41575,0.472377
0,44,4.857084,4.385892,0.471191
0,45,4.830153,4.359672,0.470481
0,46,4.803249,4.340203,0.463046
0,47,4.778717,4.317692,0.461025
0,48,4.782816,4.326427,0.45639
0,49,4.72763,4.272897,0.454733
0,50,4.711655,4.25944,0.452215
0,51,4.719339,4.271348,0.447991
0,52,4.670742,4.232041,0.438701
0,53,4.662572,4.220013,0.442558
0,54,4.652373,4.211376,0.440997
0,55,4.606379,4.173178,0.433201
0,56,4.595786,4.166297,0.429489
0,57,4.574282,4.140316,0.433966
0,58,4.533795,4.107921,0.425874
0,59,4.540545,4.114426,0.426119
0,60,4.535373,4.109963,0.42541
0,61,4.494888,4.070557,0.424331
0,62,4.468854,4.054454,0.4144
0,63,4.445552,4.032882,0.41267
0,64,4.438576,4.024658,0.413919
0,65,4.453621,4.041694,0.411927
0,66,4.417915,4.010916,0.406999
0,67,4.387032,3.980684,0.406349
0,68,4.368737,3.965616,0.403121
0,69,4.356827,3.959507,0.39732
0,70,4.337504,3.933214,0.40429
0,71,4.322976,3.923232,0.399745
0,72,4.325141,3.923038,0.402103
0,73,4.304549,3.900346,0.404203
0,74,4.2897,3.895909,0.393791
0,75,4.264706,3.869519,0.395187
0,76,4.240689,3.846764,0.393925
0,77,4.252046,3.857603,0.394443
0,78,4.219317,3.830716,0.3886
0,79,4.200676,3.819004,0.381672
0,80,4.201324,3.817526,0.383797
0,81,4.188248,3.798799,0.389449
0,82,4.175193,3.789752,0.385441
0,83,4.165494,3.785232,0.380262
0,84,4.135943,3.755097,0.380846
0,85,4.148796,3.768238,0.380558
0,86,4.117363,3.741994,0.37537
0,87,4.103953,3.730118,0.373835
0,88,4.088976,3.712105,0.376871
0,89,4.070625,3.696611,0.374014
0,90,4.076119,3.703906,0.372213
0,91,4.034186,3.664985,0.369201
0,92,4.051322,3.679493,0.371829
0,93,4.029966,3.65805,0.371916
0,94,4.007066,3.62993,0.377136
0,95,3.994992,3.626371,0.368621
0,96,3.993003,3.63135,0.361653
0,97,3.975346,3.6108,0.364546
0,98,3.966031,3.604612,0.361419
0,99,3.959208,3.595718,0.36349
0,100,3.947405,3.58768,0.359725
0,101,3.933095,3.573603,0.359492
0,102,3.928182,3.571332,0.35685
0,103,3.918968,3.560249,0.358719
0,104,3.899562,3.544086,0.355476
0,105,3.887857,3.532612,0.355245
0,106,3.871331,3.514833,0.356498
0,107,3.869168,3.517254,0.351914
0,108,3.856698,3.502747,0.35395
0,109,3.85024,3.494075,0.356164
0,110,3.84431,3.492493,0.351817
0,111,3.828359,3.474056,0.354304
0,112,3.801221,3.44535,0.355871
0,113,3.807539,3.453003,0.354537
0,114,3.793884,3.442745,0.351139
0,115,3.781037,3.43533,0.345707
0,116,3.762963,3.416593,0.346371
0,117,3.774653,3.427109,0.347543
0,118,3.765956,3.417604,0.348352
0,119,3.738312,3.397424,0.340888
0,120,3.725004,3.379306,0.345698
0,121,3.757094,3.405504,0.35159
0,122,3.710371,3.361199,0.349172
0,123,3.707789,3.365048,0.342741
0,124,3.711786,3.363584,0.348202
0,125,3.707748,3.365131,0.342617
0,126,3.702613,3.355061,0.347552
0,127,3.678763,3.333124,0.345639
0,128,3.648223,3.312403,0.33582
0,129,3.65771,3.315912,0.341798
0,130,3.649245,3.307072,0.342173
0,131,3.647447,3.303268,0.344179
0,132,3.649095,3.306199,0.342895
0,133,3.627885,3.286682,0.341202
0,134,3.627289,3.285222,0.342067
0,135,3.612385,3.271918,0.340467
0,136,3.590213,3.250448,0.339766
0,137,3.59162,3.252299,0.339321
0,138,3.578423,3.247005,0.331418
0,139,3.582585,3.244919,0.337666
0,140,3.563599,3.224195,0.339404
0,141,3.556796,3.222462,0.334333
0,142,3.562818,3.228711,0.334107
0,143,3.531912,3.196179,0.335733
0,144,3.530919,3.191536,0.339383
0,145,3.526809,3.193472,0.333337
0,146,3.51734,3.180543,0.336797
0,147,3.49914,3.168536,0.330603
0,148,3.496833,3.162076,0.334757
0,149,3.490127,3.159671,0.330456
0,150,3.474328,3.140891,0.333438
0,151,3.471506,3.136754,0.334752
0,152,3.480332,3.142702,0.33763
0,153,3.4591,3.12746,0.331641
0,154,3.455708,3.124786,0.330922
0,155,3.448336,3.114869,0.333466
0,156,3.449988,3.118148,0.33184
0,157,3.420079,3.089243,0.330836
0,158,3.274148,2.938456,0.335692
0,159,3.031686,2.703107,0.328579
0,160,3.007778,2.682615,0.325163
0,161,3.021167,2.686947,0.334221
0,162,2.999206,2.671303,0.327903
0,163,2.987363,2.665923,0.321439
0,164,2.978581,2.651888,0.326693
0,165,2.95888,2.635833,0.323047
0,166,2.962288,2.64105,0.321238
0,167,2.943032,2.621795,0.321237
0,168,2.943303,2.62431,0.318994
0,169,2.93184,2.612937,0.318902
0,170,2.930868,2.606849,0.324019
0,171,2.899328,2.588327,0.311001
0,172,2.889595,2.574581,0.315014
0,173,2.899387,2.577403,0.321984
0,174,2.886895,2.571456,0.315439
0,175,2.889772,2.568539,0.321232
0,176,2.874162,2.552996,0.321166
0,177,2.845313,2.529086,0.316227
0,178,2.868586,2.551876,0.316711
0,179,2.85956,2.539794,0.319766
0,180,2.830548,2.516274,0.314274
0,181,2.821236,2.504066,0.31717
0,182,2.84093,2.525368,0.315562
0,183,2.8201,2.506239,0.313862
0,184,2.834524,2.516626,0.317897
0,185,2.794684,2.478131,0.316552
0,186,2.784544,2.473021,0.311522
0,187,2.765557,2.46082,0.304737
0,188,2.772203,2.461235,0.310969
0,189,2.763899,2.453762,0.310137
0,190,2.760405,2.452349,0.308057
0,191,2.755367,2.449443,0.305923
0,192,2.747393,2.434738,0.312655
0,193,2.745106,2.43076,0.314346
0,194,2.721963,2.416445,0.305519
0,195,2.720469,2.413231,0.307238
0,196,2.704541,2.397865,0.306676
0,197,2.71495,2.408873,0.306077
0,198,2.684074,2.37741,0.306664
0,199,2.696133,2.387435,0.308698
0,200,2.698944,2.391157,0.307786
0,201,2.690242,2.379727,0.310516
0,202,2.670276,2.363643,0.306633
0,203,2.678218,2.368081,0.310137
0,204,2.675459,2.365007,0.310451
0,205,2.662537,2.352226,0.310311
0,206,2.651894,2.346018,0.305875
0,207,2.654662,2.347272,0.30739
0,208,2.663958,2.354792,0.309166
0,209,2.651524,2.342475,0.309049
0,210,2.633687,2.322035,0.311652
0,211,2.629562,2.31929,0.310272
0,212,2.621574,2.317409,0.304166
0,213,2.625134,2.320705,0.304428
0,214,2.604436,2.302155,0.30228
0,215,2.600637,2.29645,0.304187
0,216,2.613984,2.306852,0.307132
0,217,2.58292,2.272702,0.310218
0,218,2.58194,2.274468,0.307472
0,219,2.581332,2.28247,0.298862
0,220,2.569679,2.26858,0.301098
0,221,2.562137,2.258623,0.303515
0,222,2.560451,2.259889,0.300561
0,223,2.547493,2.249652,0.297841
0,224,2.562534,2.257764,0.30477
0,225,2.546543,2.240918,0.305625
0,226,2.535617,2.239543,0.296073
0,227,2.54053,2.24116,0.29937
0,228,2.538175,2.241827,0.296348
0,229,2.536206,2.236138,0.300068
0,230,2.532158,2.227231,0.304926
0,231,2.504739,2.205332,0.299407
0,232,2.52045,2.222114,0.298336
0,233,2.508313,2.203523,0.30479
0,234,2.499209,2.193297,0.305912
0,235,2.498448,2.196824,0.301624
0,236,2.485157,2.189141,0.296017
0,237,2.493053,2.18614,0.306913
0,238,2.477566,2.177587,0.299979
0,239,2.485292,2.188021,0.297271
0,240,2.482284,2.185326,0.296958
0,241,2.475781,2.176761,0.29902
0,242,2.459553,2.162446,0.297108
0,243,2.454158,2.159744,0.294415
0,244,2.462371,2.165975,0.296396
0,245,2.450769,2.156322,0.294448
0,246,2.460939,2.155866,0.305073
0,247,2.442637,2.143265,0.299372
0,248,2.441616,2.14467,0.296946
0,249,2.429357,2.134756,0.294602
0,250,2.435992,2.129798,0.306194
0,251,2.414424,2.117308,0.297117
0,252,2.430295,2.122028,0.308266
0,253,2.447862,2.145284,0.302578
0,254,2.428868,2.12899,0.299878
0,255,2.409181,2.109645,0.299537
0,256,2.411753,2.113825,0.297927
0,257,2.414413,2.114987,0.299426
0,258,2.40029,2.101412,0.298877
0,259,2.393657,2.09633,0.297327
0,260,2.387713,2.09464,0.293073
0,261,2.393072,2.096015,0.297057
0,262,2.393547,2.093355,0.300191
0,263,2.394395,2.092075,0.30232
0,264,2.398956,2.106071,0.292885
0,265,2.376636,2.077427,0.299209
0,266,2.348861,2.061587,0.287274
0,267,2.356911,2.05925,0.297661
0,268,2.361743,2.057687,0.304056
0,269,2.35139,2.056313,0.295077
0,270,2.350121,2.060152,0.289969
0,271,2.361776,2.062123,0.299653
0,272,2.3452,2.049049,0.29615
0,273,2.341804,2.045058,0.296746
0,274,2.332631,2.03842,0.294211
0,275,2.335161,2.039666,0.295495
0,276,2.326695,2.033116,0.293579
0,277,2.326627,2.029574,0.297053
0,278,2.317677,2.022948,0.294728
0,279,2.3164,2.01978,0.29662
0,280,2.31586,2.022644,0.293216
0,281,2.315887,2.016512,0.299375
0,282,2.302991,2.00805,0.294941
0,283,2.308249,2.012087,0.296162
0,284,2.307203,2.013705,0.293498
0,285,2.294648,1.99999,0.294658
0,286,2.300988,2.008264,0.292724
0,287,2.297046,2.00053,0.296516
0,288,2.282185,1.992145,0.290039
0,289,2.286604,1.99299,0.293614
0,290,2.261051,1.975802,0.285249
0,291,2.275117,1.975635,0.299482
0,292,2.273757,1.977837,0.295919
0,293,2.264787,1.975741,0.289046
0,294,2.269548,1.974151,0.295397
0,295,2.273395,1.973726,0.299669
0,296,2.275972,1.981515,0.294457
0,297,2.262334,1.971505,0.290829
0,298,2.248435,1.95586,0.292575
0,299,2.257245,1.964606,0.292639
0,300,2.233807,1.946747,0.28706
1,1,5705.148708,5702.6121,2.536626
1,2,551.229684,549.999701,1.229982
1,3,333.978007,332.584778,1.393229
1,4,182.689326,181.628408,1.060918
1,5,76.734559,75.714061,1.020499
1,6,32.820753,31.827017,0.993736
1,7,18.057224,17.098565,0.958659
1,8,12.278287,11.344312,0.933975
1,9,10.335935,9.433865,0.90207
1,10,9.242951,8.342931,0.900019
1,11,8.935919,8.05801,0.877909
1,12,7.967832,7.109206,0.858626
1,13,7.965439,7.123015,0.842424
1,14,7.463207,6.626288,0.836919
1,15,7.15859,6.347451,0.811139
1,16,7.12548,6.338339,0.787141
1,17,6.948629,6.167754,0.780875
1,18,6.862324,6.089471,0.772853
1,19,6.771338,6.01483,0.756508
1,20,6.777327,6.03698,0.740347
1,21,6.582728,5.85811,0.724618
1,22,6.498009,5.785796,0.712213
1,23,6.500184,5.805238,0.694945
1,24,6.440714,5.745184,0.69553
1,25,6.3637,5.680905,0.682795
1,26,6.340909,5.669876,0.671033
1,27,6.277812,5.614789,0.663023
1,28,6.214123,5.562236,0.651887
1,29,6.174012,5.534612,0.6394
1,30,6.117473,5.484394,0.63308
1,31,6.072727,5.457907,0.614819
1,32,6.039083,5.425967,0.613116
1,33,5.985446,5.373403,0.612044
1,34,5.941418,5.344322,0.597096
1,35,5.947909,5.355239,0.59267
1,36,5.898586,5.317352,0.581234
1,37,5.880387,5.301401,0.578986
1,38,5.889108,5.308259,0.580848
1,39,5.816302,5.249447,0.566855
1,40,5.796486,5.231768,0.564718
1,41,5.761969,5.203625,0.558344
1,42,5.736,5.1752,0.5608
1,43,5.705043,5.154508,0.550535
1,44,5.684841,5.134963,0.549879
1,45,5.644403,5.110688,0.533715
1,46,5.634519,5.102032,0.532486
1,47,5.601372,5.068939,0.532433
1,48,5.593741,5.06957,0.524171
1,49,5.570238,5.051114,0.519123
1,50,5.529446,5.011492,0.517954
1,51,5.500748,4.992428,0.50832
1,52,5.477948,4.967773,0.510175
1,53,5.495139,4.987,0.508139
1,54,5.442536,4.939667,0.502869
1,55,5.425264,4.930261,0.495003
1,56,5.411399,4.913707,0.497692
1,57,5.381693,4.88876,0.492933
1,58,5.353995,4.866976,0.487018
1,59,5.352936,4.870124,0.482812
1,60,5.331163,4.849244,0.48192
1,61,5.319011,4.838902,0.48011
1,62,5.325104,4.847016,0.478088
1,63,5.271044,4.795611,0.475433
1,64,5.257247,4.787559,0.469687
1,65,5.256764,4.7875,0.469264
1,66,5.226683,4.755152,0.471531
1,67,5.192286,4.729116,0.46317
1,68,5.176059,4.710536,0.465523
1,69,5.176291,4.716238,0.460053
1,70,5.141002,4.683078,0.457924
1,71,5.143364,4.685764,0.457599
1,72,5.097132,4.63921,0.457922
1,73,5.103287,4.646571,0.456716
1,74,5.091753,4.642087,0.449666
1,75,5.08148,4.629459,0.45202
1,76,5.055937,4.611552,0.444385
1,77,5.039841,4.599455,0.440386
1,78,5.02707,4.588819,0.438251
1,79,5.008868,4.569868,0.439001
1,80,5.012287,4.573368,0.438919
1,81,4.980322,4.544752,0.43557
1,82,4.974917,4.53811,0.436807
1,83,4.959686,4.526976,0.432711
1,84,4.948434,4.51669,0.431744
1,85,4.936271,4.503892,0.432379
1,86,4.917102,4.493385,0.423717
1,87,4.89527,4.472652,0.422618
1,88,4.892365,4.469809,0.422556
1,89,4.859594,4.435968,0.423626
1,90,4.863109,4.444785,0.418324
1,91,4.846936,4.428255,0.418681
1,92,4.855742,4.435168,0.420574
1,93,4.804861,4.385292,0.419569
1,94,4.824132,4.410378,0.413754
1,95,4.795954,4.385002,0.410952
1,96,4.777461,4.364449,0.413011
1,97,4.775111,4.367734,0.407377
1,98,4.764221,4.352533,0.411689
1,99,4.746777,4.341216,0.405561
1,100,4.728213,4.323644,0.404569
1,101,4.731221,4.33019,0.401031
1,102,4.722651,4.317311,0.405339
1,103,4.693085,4.292039,0.401045
1,104,4.701818,4.300082,0.401736
1,105,4.675702,4.276322,0.39938
1,106,4.666387,4.263868,0.40252
1,107,4.653454,4.254095,0.399359
1,108,4.61484,4.217173,0.397667
1,109,4.621453,4.223199,0.398255
1,110,4.612474,4.218396,0.394078
1,111,4.606916,4.215359,0.391557
1,112,4.582912,4.190069,0.392842
1,113,4.576061,4.186712,0.389349
1,114,4.572036,4.183937,0.3881
1,115,4.552782,4.161761,0.391021
1,116,4.559243,4.169941,0.389301
1,117,4.552816,4.163792,0.389025
1,118,4.538919,4.151664,0.387255
1,119,4.521317,4.136629,0.384688
1,120,4.500981,4.120028,0.380953
1,121,4.489949,4.10948,0.380468
1,122,4.485499,4.10008,0.385419
1,123,4.47088,4.084021,0.386859
1,124,4.467033,4.084785,0.382248
1,125,4.462057,4.081247,0.380809
1,126,4.455061,4.072935,0.382126
1,127,4.439161,4.063261,0.375901
1,128,4.425932,4.046403,0.379529
1,129,4.400597,4.024488,0.376109
1,130,4.426049,4.047682,0.378367
1,131,4.399409,4.026893,0.372516
1,132,4.40325,4.030058,0.373191
1,133,4.385486,4.008519,0.376967
1,134,4.390416,4.018153,0.372263
1,135,4.355959,3.987489,0.368471
1,136,4.357644,3.983937,0.373707
1,137,4.335563,3.968574,0.366989
1,138,4.340103,3.96939,0.370712
1,139,4.31779,3.953503,0.364286
1,140,4.326017,3.95936,0.366656
1,141,4.324398,3.958406,0.365992
1,142,4.298766,3.937951,0.360815
1,143,4.309332,3.939973,0.369359
1,144,4.290386,3.921918,0.368468
1,145,4.295267,3.929443,0.365824
1,146,4.267527,3.904351,0.363176
1,147,4.254821,3.886924,0.367897
1,148,4.239662,3.880169,0.359493
1,149,4.238802,3.875209,0.363593
1,150,4.24409,3.879777,0.364313
1,151,4.220624,3.86296,0.357664
1,152,4.219091,3.85972,0.359371
1,153,4.212891,3.852661,0.360231
1,154,4.19783,3.846168,0.351662
1,155,4.191423,3.835802,0.355622
1,156,4.198898,3.839161,0.359737
1,157,4.200806,3.840362,0.360444
1,158,4.15666,3.804831,0.351829
1,159,4.167275,3.81229,0.354985
1,160,4.154165,3.798749,0.355416
1,161,4.180199,3.820871,0.359327
1,162,4.149475,3.795673,0.353802
1,163,4.147394,3.794119,0.353275
1,164,4.131809,3.779819,0.35199
1,165,4.11289,3.759893,0.352997
1,166,4.130504,3.77528,0.355224
1,167,4.113522,3.756061,0.357462
1,168,4.101985,3.750488,0.351497
1,169,4.086562,3.736875,0.349687
1,170,4.087939,3.736711,0.351228
1,171,4.088922,3.736606,0.352315
1,172,4.06931,3.72076,0.34855
1,173,4.050343,3.708357,0.341986
1,174,4.042901,3.695784,0.347117
1,175,4.053158,3.705134,0.348023
1,176,4.038967,3.692312,0.346656
1,177,4.034983,3.692437,0.342546
1,178,4.041597,3.69472,0.346877
1,179,4.022077,3.676551,0.345526
1,180,4.007537,3.662666,0.344871
1,181,4.019824,3.671461,0.348362
1,182,4.007436,3.66116,0.346276
1,183,3.985121,3.640821,0.3443
1,184,3.970621,3.629304,0.341317
1,185,3.967594,3.620718,0.346876
1,186,3.968638,3.625432,0.343206
1,187,3.974245,3.633749,0.340496
1,188,3.956047,3.614003,0.342044
1,189,3.949227,3.612236,0.336991
1,190,3.949428,3.60517,0.344258
1,191,3.945731,3.607384,0.338347
1,192,3.938945,3.595548,0.343396
1,193,3.928588,3.590107,0.338481
1,194,3.913903,3.573459,0.340444
1,195,3.924531,3.593394,0.331136
1,196,3.90542,3.566936,0.338484
1,197,3.906426,3.566905,0.339521
1,198,3.909228,3.579322,0.329906
1,199,3.880007,3.547697,0.33231
1,200,3.899641,3.562473,0.337168
1,201,3.873843,3.536785,0.337058
1,202,3.870984,3.532809,0.338175
1,203,3.848191,3.518029,0.330162
1,204,3.871816,3.537878,0.333938
1,205,3.847867,3.514699,0.333168
1,206,3.856658,3.523236,0.333422
1,207,3.834309,3.496209,0.338101
1,208,3.832741,3.497449,0.335292
1,209,3.833001,3.502575,0.330425
1,210,3.831347,3.49687,0.334478
1,211,3.801367,3.468354,0.333013
1,212,3.800309,3.467853,0.332456
1,213,3.791815,3.462138,0.329677
1,214,3.807318,3.476914,0.330404
1,215,3.796554,3.461028,0.335525
1,216,3.785374,3.453695,0.331679
1,217,3.775344,3.44805,0.327293
1,218,3.765148,3.435854,0.329294
1,219,3.77472,3.445409,0.329311
1,220,3.756768,3.425713,0.331055
1,221,3.751499,3.428298,0.323201
1,222,3.734824,3.401821,0.333003
1,223,3.735556,3.406194,0.329363
1,224,3.739776,3.409179,0.330597
1,225,3.747212,3.420872,0.32634
1,226,3.724849,3.39337,0.331479
1,227,3.725352,3.399487,0.325865
1,228,3.70652,3.380894,0.325625
1,229,3.696648,3.373169,0.323479
1,230,3.359804,3.027555,0.332249
1,231,3.148794,2.826443,0.32235
1,232,3.156447,2.833077,0.32337
1,233,3.129996,2.804643,0.325353
1,234,3.119836,2.797045,0.322791
1,235,3.139191,2.817295,0.321896
1,236,3.108054,2.786352,0.321702
1,237,3.097644,2.774246,0.323398
1,238,3.078509,2.762236,0.316272
1,239,3.095614,2.775718,0.319895
1,240,3.087257,2.77054,0.316717
1,241,3.077485,2.759372,0.318113
1,242,3.09229,2.77062,0.32167
1,243,3.063006,2.745485,0.317521
1,244,3.054373,2.733616,0.320757
1,245,3.057287,2.743068,0.314219
1,246,3.059579,2.744134,0.315445
1,247,3.04909,2.735817,0.313273
1,248,3.033519,2.717136,0.316383
1,249,3.031966,2.715245,0.316721
1,250,3.017683,2.707563,0.31012
1,251,3.025144,2.712085,0.313059
1,252,3.010583,2.698813,0.31177
1,253,3.01275,2.697556,0.315194
1,254,2.993756,2.68148,0.312276
1,255,3.003632,2.692253,0.311378
1,256,2.987838,2.674187,0.313651
1,257,2.986524,2.674078,0.312446
1,258,2.992293,2.678152,0.31414
1,259,2.980896,2.669505,0.311391
1,260,2.970905,2.657788,0.313117
1,261,2.953968,2.647877,0.306091
1,262,2.937418,2.632782,0.304635
1,263,2.933647,2.626899,0.306748
1,264,2.953095,2.644615,0.30848
1,265,2.941309,2.635057,0.306252
1,266,2.939943,2.629352,0.310591
1,267,2.933822,2.621077,0.312745
1,268,2.922468,2.616915,0.305553
1,269,2.90595,2.60048,0.30547
1,270,2.899926,2.595896,0.30403
1,271,2.908614,2.606701,0.301913
1,272,2.900578,2.593804,0.306774
1,273,2.906247,2.598594,0.307653
1,274,2.90066,2.592016,0.308644
1,275,2.885763,2.580503,0.30526
1,276,2.877121,2.570683,0.306438
1,277,2.865657,2.562079,0.303578
1,278,2.862731,2.554139,0.308592
1,279,2.857171,2.552192,0.304979
1,280,2.847064,2.547737,0.299327
1,281,2.856127,2.544467,0.311659
1,282,2.854023,2.550788,0.303235
1,283,2.852586,2.54699,0.305596
1,284,2.838242,2.537197,0.301046
1,285,2.845154,2.538583,0.306571
1,286,2.818798,2.516125,0.302673
1,287,2.822205,2.521437,0.300768
1,288,2.806502,2.5071,0.299403
1,289,2.817718,2.51739,0.300328
1,290,2.815688,2.516693,0.298995
1,291,2.816397,2.514636,0.301761
1,292,2.796397,2.498629,0.297768
1,293,2.848581,2.546526,0.302055
1,294,2.790452,2.488093,0.302359
1,295,2.795977,2.492876,0.303101
1,296,2.782706,2.479119,0.303587
1,297,2.799763,2.498923,0.300839
1,298,2.787278,2.484816,0.302462
1,299,2.772506,2.469944,0.302562
1,300,2.769946,2.472193,0.297753
2,1,3897.766253,3893.927171,3.839078
2,2,449.039935,444.838264,4.201672
2,3,291.249767,289.607674,1.642093
2,4,135.369753,134.120835,1.248918
2,5,60.553665,59.373911,1.179754
2,6,31.146738,30.032457,1.114281
2,7,20.526031,19.479939,1.046092
2,8,12.890431,11.898167,0.992264
2,9,9.14931,8.195348,0.953962
2,10,7.726335,6.810765,0.91557
2,11,6.555343,5.678994,0.876348
2,12,6.164381,5.320305,0.844077
2,13,6.082349,5.261502,0.820847
2,14,5.619797,4.823252,0.796545
2,15,5.578815,4.807852,0.770963
2,16,5.54927,4.808588,0.740681
2,17,5.397996,4.66989,0.728107
2,18,5.319459,4.604563,0.714896
2,19,5.298014,4.60118,0.696834
2,20,5.228439,4.550521,0.677918
2,21,5.176367,4.516239,0.660128
2,22,5.116464,4.473191,0.643273
2,23,5.057116,4.417217,0.639899
2,24,5.014199,4.394361,0.619838
2,25,4.987919,4.385562,0.602357
2,26,4.968047,4.364416,0.603631
2,27,4.927386,4.342936,0.58445
2,28,4.878975,4.31243,0.566545
2,29,4.869154,4.306698,0.562456
2,30,4.818473,4.269208,0.549264
2,31,4.78553,4.245588,0.539942
2,32,4.752618,4.217557,0.535061
2,33,4.725157,4.197019,0.528138
2,34,4.686661,4.167929,0.518732
2,35,4.673356,4.155272,0.518084
2,36,4.630706,4.127975,0.502731
2,37,4.630247,4.13401,0.496237
2,38,4.580269,4.091249,0.489019
2,39,4.560719,4.083067,0.477653
2,40,4.547275,4.066776,0.4805
2,41,4.524617,4.05526,0.469357
2,42,4.511622,4.049984,0.461638
2,43,4.484288,4.027179,0.45711
2,44,4.462273,4.009025,0.453247
2,45,4.449905,3.995438,0.454467
2,46,4.41373,3.969305,0.444425
2,47,4.410694,3.964734,0.44596
2,48,4.410149,3.970696,0.439454
2,49,4.386149,3.950906,0.435243
2,50,4.370904,3.935383,0.435521
2,51,4.352095,3.925692,0.426403
2,52,4.325532,3.902165,0.423367
2,53,4.299398,3.877168,0.42223
2,54,4.38657,3.966689,0.419881
2,55,4.287163,3.87253,0.414633
2,56,4.254367,3.841948,0.41242
2,57,4.256997,3.851393,0.405604
2,58,5.321528,4.911678,0.40985
2,59,5.338014,4.932414,0.405599
2,60,5.310067,4.900554,0.409514
2,61,5.331861,4.931169,0.400691
2,62,5.273677,4.870906,0.402771
2,63,5.232798,4.828842,0.403956
2,64,5.220974,4.826553,0.394421
2,65,5.187019,4.786803,0.400216
2,66,5.178048,4.783754,0.394294
2,67,5.156082,4.759316,0.396766
2,68,5.12788,4.733874,0.394006
2,69,5.110267,4.717902,0.392365
2,70,5.094752,4.703236,0.391517
2,71,5.073579,4.685423,0.388156
2,72,5.070381,4.681191,0.38919
2,73,5.019209,4.628814,0.390395
2,74,4.993616,4.608124,0.385492
2,75,4.987083,4.599078,0.388005
2,76,4.957226,4.575977,0.38125
2,77,4.958179,4.576533,0.381646
2,78,4.956028,4.574438,0.381591
2,79,4.929734,4.549101,0.380633
2,80,4.911941,4.535795,0.376146
2,81,4.881576,4.501741,0.379836
2,82,4.878236,4.497387,0.38085
2,83,4.837474,4.464616,0.372858
2,84,4.823792,4.44389,0.379902
2,85,4.809368,4.429584,0.379784
2,86,4.808911,4.430424,0.378487
2,87,4.809245,4.42694,0.382305
2,88,4.785817,4.408772,0.377045
2,89,4.772521,4.39662,0.375902
2,90,4.736329,4.364902,0.371427
2,91,4.716319,4.339228,0.377091
2,92,4.684955,4.313882,0.371073
2,93,4.68942,4.312142,0.377278
2,94,4.696415,4.32348,0.372935
2,95,4.68073,4.310134,0.370596
2,96,4.643161,4.277463,0.365698
2,97,4.640824,4.267659,0.373164
2,98,4.612619,4.242812,0.369808
2,99,4.595662,4.228278,0.367384
2,100,4.593987,4.225489,0.368497
2,101,4.603563,4.23019,0.373373
2,102,4.569118,4.206075,0.363043
2,103,4.562401,4.197727,0.364673
2,104,4.537395,4.177281,0.360114
2,105,4.51691,4.158792,0.358118
2,106,4.506911,4.146946,0.359965
2,107,4.517509,4.154799,0.36271
2,108,4.476979,4.114468,0.362511
2,109,4.480831,4.122576,0.358256
2,110,4.475624,4.107871,0.367753
2,111,4.454228,4.094411,0.359817
2,112,4.436896,4.079997,0.356899
2,113,4.420709,4.062468,0.358241
2,114,4.412744,4.051331,0.361414
2,115,4.387634,4.031147,0.356486
2,116,4.380158,4.022521,0.357637
2,117,4.39862,4.044946,0.353674
2,118,4.360259,4.005795,0.354464
2,119,4.353329,4.00065,0.352679
2,120,4.340199,3.986574,0.353625
2,121,4.322939,3.966611,0.356328
2,122,4.319415,3.968174,0.351242
2,123,4.310586,3.955478,0.355108
2,124,4.315811,3.964367,0.351444
2,125,4.302042,3.945495,0.356547
2,126,4.283907,3.933891,0.350016
2,127,4.265224,3.919309,0.345914
2,128,4.266,3.916674,0.349327
2,129,4.25642,3.907005,0.349415
2,130,4.25845,3.906389,0.352061
2,131,4.22883,3.880658,0.348172
2,132,4.220576,3.870672,0.349904
2,133,4.20015,3.851114,0.349036
2,134,4.193662,3.842689,0.350973
2,135,4.194813,3.842282,0.352531
2,136,4.166141,3.820525,0.345616
2,137,4.161419,3.814355,0.347064
2,138,4.155623,3.807489,0.348134
2,139,4.143137,3.79882,0.344317
2,140,4.131647,3.786862,0.344784
2,141,4.127884,3.777665,0.350218
2,142,4.105305,3.769416,0.335889
2,143,4.119671,3.778008,0.341663
2,144,4.089308,3.746156,0.343152
2,145,4.090307,3.748819,0.341489
2,146,4.081589,3.733241,0.348349
2,147,4.083213,3.735405,0.347808
2,148,4.059605,3.722066,0.33754
2,149,4.06262,3.719227,0.343393
2,150,4.027265,3.689963,0.337302
2,151,4.048245,3.710537,0.337708
2,152,4.021295,3.676479,0.344816
2,153,4.030554,3.686914,0.34364
2,154,4.006224,3.66208,0.344143
2,155,3.992973,3.651476,0.341497
2,156,3.986154,3.649077,0.337077
2,157,4.004276,3.663201,0.341076
2,158,3.965804,3.626575,0.339229
2,159,3.981984,3.640144,0.34184
2,160,3.975943,3.635932,0.340011
2,161,3.939707,3.605797,0.33391
2,162,3.952544,3.612775,0.339769
2,163,3.932614,3.593895,0.33872
2,164,3.934732,3.595575,0.339156
2,165,3.937109,3.601808,0.335301
2,166,3.922489,3.58991,0.332579
2,167,3.903991,3.568597,0.335395
2,168,3.898976,3.563067,0.33591
2,169,3.882827,3.547691,0.335136
2,170,3.881217,3.544482,0.336736
2,171,3.886607,3.551084,0.335522
2,172,3.865503,3.5401,0.325404
2,173,3.844454,3.510252,0.334202
2,174,3.863445,3.530384,0.333061
2,175,3.848851,3.516356,0.332495
2,176,3.835466,3.497111,0.338355
2,177,3.830527,3.497962,0.332565
2,178,3.814543,3.484629,0.329914
2,179,3.807706,3.476624,0.331082
2,180,3.795641,3.465157,0.330484
2,181,3.828314,3.493792,0.334522
2,182,3.77719,3.44791,0.32928
2,183,3.77916,3.449361,0.329799
2,184,3.788103,3.45566,0.332443
2,185,3.757483,3.435481,0.322003
2,186,3.7565,3.420334,0.336167
2,187,3.765921,3.431575,0.334347
2,188,3.745736,3.416891,0.328845
2,189,3.770683,3.434621,0.336062
2,190,3.739417,3.405336,0.334081
2,191,3.722159,3.388897,0.333262
2,192,3.717069,3.389129,0.32794
2,193,3.725918,3.395898,0.33002
2,194,3.696284,3.370192,0.326092
2,195,3.703275,3.37196,0.331315
2,196,3.70534,3.378555,0.326785
2,197,3.685152,3.355832,0.32932
2,198,3.670477,3.34329,0.327187
2,199,3.660663,3.339865,0.320798
2,200,3.655343,3.327573,0.32777
2,201,3.64229,3.32042,0.32187
2,202,3.639968,3.320811,0.319158
2,203,3.670353,3.338404,0.331949
2,204,3.614266,3.288513,0.325753
2,205,3.149119,2.821416,0.327703
2,206,3.139108,2.819291,0.319817
2,207,3.115927,2.794395,0.321532
2,208,3.136725,2.811291,0.325434
2,209,3.105719,2.784573,0.321146
2,210,3.114048,2.792986,0.321062
2,211,3.083551,2.767351,0.3162
2,212,3.084059,2.763856,0.320203
2,213,3.096428,2.77278,0.323648
2,214,3.073736,2.753858,0.319878
2,215,3.081953,2.763172,0.318781
2,216,3.075233,2.755161,0.320072
2,217,3.044527,2.725683,0.318844
2,218,3.045013,2.723109,0.321904
2,219,3.030575,2.710178,0.320398
2,220,3.034889,2.715257,0.319632
2,221,3.023737,2.701603,0.322134
2,222,3.01623,2.699357,0.316872
2,223,3.009545,2.694771,0.314774
2,224,2.987088,2.677626,0.309462
2,225,3.003417,2.686859,0.316559
2,226,2.98635,2.667054,0.319295
2,227,2.991249,2.680387,0.310861
2,228,2.958067,2.648184,0.309883
2,229,2.956746,2.648919,0.307827
2,230,2.956927,2.637425,0.319502
2,231,2.951785,2.635244,0.316541
2,232,2.955018,2.643802,0.311217
2,233,2.93095,2.621157,0.309793
2,234,2.914918,2.607344,0.307574
2,235,2.919525,2.608044,0.311481
2,236,2.918875,2.606439,0.312436
2,237,2.914254,2.605856,0.308398
2,238,2.912331,2.597182,0.31515
2,239,2.897418,2.594532,0.302885
2,240,2.893441,2.587221,0.30622
2,241,2.880308,2.576115,0.304193
2,242,2.885141,2.574226,0.310915
2,243,2.854665,2.551938,0.302727
2,244,2.862334,2.555142,0.307192
2,245,2.870943,2.56157,0.309373
2,246,2.856761,2.551057,0.305704
2,247,2.84327,2.537998,0.305272
2,248,2.855103,2.544139,0.310964
2,249,2.838129,2.533405,0.304724
2,250,2.831621,2.530881,0.30074
2,251,2.837426,2.526453,0.310973
2,252,2.799272,2.499856,0.299416
2,253,2.815656,2.508929,0.306727
2,254,2.820159,2.514176,0.305983
2,255,2.811448,2.507197,0.304251
2,256,2.790632,2.488117,0.302516
2,257,2.796396,2.490996,0.3054
2,258,2.799099,2.49411,0.304989
2,259,2.787233,2.478968,0.308265
2,260,2.77968,2.473523,0.306157
2,261,2.771748,2.462803,0.308945
2,262,2.777214,2.474269,0.302945
2,263,2.770242,2.462929,0.307313
2,264,2.769396,2.466311,0.303085
2,265,2.75437,2.449352,0.305018
2,266,2.748494,2.446892,0.301602
2,267,2.763994,2.46017,0.303824
2,268,2.736791,2.435823,0.300968
2,269,2.742413,2.441577,0.300835
2,270,2.724622,2.424366,0.300256
2,271,2.744351,2.437328,0.307023
2,272,2.710459,2.413366,0.297093
2,273,2.719778,2.416139,0.303639
2,274,2.725695,2.425577,0.300119
2,275,2.738546,2.434691,0.303855
2,276,2.694923,2.393908,0.301014
2,277,2.712071,2.410065,0.302006
2,278,2.723487,2.42695,0.296537
2,279,2.679785,2.377757,0.302028
2,280,2.679821,2.380741,0.29908
2,281,2.683958,2.383852,0.300107
2,282,2.687492,2.385661,0.301832
2,283,2.67448,2.372979,0.301501
2,284,2.666477,2.364791,0.301686
2,285,2.656626,2.35924,0.297386
2,286,2.646636,2.348593,0.298042
2,287,2.637718,2.34201,0.295708
2,288,2.648257,2.348961,0.299296
2,289,2.655432,2.351656,0.303776
2,290,2.63142,2.326866,0.304553
2,291,2.631104,2.330021,0.301083
2,292,2.646333,2.344313,0.30202
2,293,2.631406,2.33357,0.297837
2,294,2.616076,2.316565,0.299512
2,295,2.615195,2.319924,0.295271
2,296,2.605771,2.310539,0.295232
2,297,2.614173,2.317476,0.296697
2,298,2.610429,2.310162,0.300268
2,299,2.586685,2.288418,0.298267
2,300,2.607595,2.311959,0.295635
3,1,15947.141083,15943.339299,3.801777
3,2,649.855977,648.521966,1.334013
3,3,373.684458,371.147106,2.537352
3,4,254.229123,252.418826,1.810297
3,5,132.819648,131.397894,1.421754
3,6,63.30446,62.110742,1.193718
3,7,24.632189,23.541128,1.091061
3,8,12.179417,11.153181,1.026236
3,9,9.042818,8.044898,0.997921
3,10,8.495598,7.513437,0.982161
3,11,8.021236,7.058349,0.962886
3,12,7.665703,6.715065,0.950638
3,13,7.442129,6.492812,0.949317
3,14,7.220394,6.278708,0.941686
3,15,7.109314,6.189603,0.91971
3,16,7.029027,6.121168,0.907859
3,17,6.961901,6.056336,0.905565
3,18,6.890698,5.995193,0.895504
3,19,6.856557,5.982539,0.874019
3,20,6.80768,5.941282,0.866398
3,21,6.737166,5.86935,0.867817
3,22,6.708844,5.867839,0.841005
3,23,6.668039,5.823891,0.844148
3,24,6.641369,5.809796,0.831573
3,25,6.645536,5.811518,0.834019
3,26,6.56074,5.740025,0.820714
3,27,6.548695,5.732318,0.816377
3,28,6.527371,5.735552,0.79182
3,29,6.500623,5.707538,0.793085
3,30,6.462243,5.666571,0.795672
3,31,6.425869,5.648324,0.777545
3,32,6.411842,5.632317,0.779525
3,33,6.379051,5.615835,0.763215
3,34,6.368711,5.602436,0.766275
3,35,6.321839,5.568186,0.753653
3,36,6.323769,5.565903,0.757866
3,37,6.309972,5.571819,0.738153
3,38,6.271501,5.527316,0.744184
3,39,6.253918,5.516692,0.737226
3,40,6.249929,5.521028,0.728902
3,41,6.190526,5.475467,0.715059
3,42,6.157806,5.438584,0.719222
3,43,6.162062,5.449987,0.712075
3,44,6.153889,5.447298,0.706591
3,45,6.143402,5.442579,0.700823
3,46,6.117196,5.416504,0.700692
3,47,6.055122,5.365169,0.689953
3,48,6.109282,5.41668,0.692602
3,49,6.054185,5.367089,0.687096
3,50,6.028902,5.341141,0.687761
3,51,5.991258,5.32144,0.669818
3,52,6.004056,5.32575,0.678306
3,53,5.970095,5.299667,0.670428
3,54,5.960783,5.299594,0.661189
3,55,5.953389,5.286511,0.666878
3,56,5.93382,5.280549,0.653271
3,57,5.912794,5.258694,0.6541
3,58,5.896577,5.25689,0.639687
3,59,5.897178,5.251409,0.645769
3,60,5.878392,5.230892,0.6475
3,61,5.839132,5.207004,0.632128
3,62,5.842074,5.208771,0.633303
3,63,5.825702,5.202186,0.623515
3,64,5.818081,5.190252,0.627829
3,65,5.785905,5.159726,0.626179
3,66,5.809809,5.180491,0.629318
3,67,5.772528,5.147512,0.625015
3,68,5.743767,5.123568,0.620199
3,69,5.739845,5.12618,0.613664
3,70,5.716246,5.113086,0.60316
3,71,5.704282,5.09495,0.609332
3,72,5.703549,5.09439,0.60916
3,73,5.707396,5.095741,0.611656
3,74,5.662179,5.073103,0.589077
3,75,5.647376,5.046376,0.601
3,76,5.647003,5.055414,0.591589
3,77,5.653231,5.059276,0.593955
3,78,5.621779,5.02952,0.592259
3,79,5.615421,5.025234,0.590187
3,80,5.606598,5.02274,0.583858
3,81,5.592724,4.99704,0.595684
3,82,5.58351,4.994906,0.588603
3,83,5.554994,4.984101,0.570892
3,84,5.561845,4.989291,0.572554
3,85,5.541784,4.968463,0.57332
3,86,5.529834,4.954127,0.575707
3,87,5.520432,4.956181,0.564251
3,88,5.51228,4.948594,0.563686
3,89,5.509374,4.939835,0.569539
3,90,5.490444,4.93099,0.559454
3,91,5.482627,4.916648,0.565979
3,92,5.432024,4.874164,0.55786
3,93,5.449747,4.897437,0.55231
3,94,5.428063,4.877582,0.550481
3,95,5.432695,4.878605,0.55409
3,96,5.43701,4.882259,0.55475
3,97,5.409208,4.860737,0.548471
3,98,5.393259,4.843541,0.549718
3,99,5.395664,4.846702,0.548962
3,100,5.396292,4.852395,0.543897
3,101,5.361335,4.825497,0.535839
3,102,5.344619,4.802564,0.542055
3,103,5.362939,4.822531,0.540407
3,104,5.355256,4.819687,0.53557
3,105,5.332306,4.792685,0.539621
3,106,5.306693,4.775022,0.531672
3,107,5.312979,4.781922,0.531056
3,108,5.301093,4.761503,0.539591
3,109,5.308562,4.773072,0.53549
3,110,5.283893,4.765928,0.517966
3,111,5.269054,4.741204,0.52785
3,112,5.269701,4.739257,0.530445
3,113,5.243052,4.714346,0.528706
3,114,5.239807,4.719734,0.520073
3,115,5.244386,4.732241,0.512145
3,116,5.228347,4.712519,0.515828
3,117,5.217623,4.696772,0.520851
3,118,5.207141,4.683909,0.523232
3,119,5.16944,4.649287,0.520153
3,120,5.17999,4.662048,0.517942
3,121,5.197298,4.687066,0.510232
3,122,5.18839,4.673658,0.514733
3,123,5.148523,4.64127,0.507253
3,124,5.164333,4.658034,0.5063
3,125,5.134942,4.633252,0.50169
3,126,5.16612,4.663381,0.502739
3,127,5.12048,4.612141,0.508339
3,128,5.103345,4.601129,0.502216
3,129,5.11711,4.614636,0.502475
3,130,5.130017,4.632022,0.497995
3,131,5.111373,4.614437,0.496936
3,132,5.067114,4.569606,0.497509
3,133,5.09847,4.602271,0.4962
3,134,5.078938,4.579977,0.498961
3,135,5.064954,4.574257,0.490697
3,136,5.053737,4.569736,0.484001
3,137,5.052755,4.556734,0.496021
3,138,5.019503,4.542792,0.476711
3,139,5.034723,4.544626,0.490097
3,140,5.035709,4.549362,0.486347
3,141,5.026528,4.537338,0.48919
3,142,5.025748,4.538481,0.487267
3,143,5.02724,4.54772,0.47952
3,144,5.009318,4.526611,0.482708
3,145,4.994203,4.516123,0.47808
3,146,4.991962,4.508034,0.483928
3,147,4.994407,4.510844,0.483563
3,148,4.984224,4.508903,0.475321
3,149,4.955362,4.485742,0.46962
3,150,4.954367,4.482752,0.471615
3,151,4.949937,4.469145,0.480792
3,152,4.950502,4.473591,0.476911
3,153,4.935773,4.461758,0.474015
3,154,4.946956,4.46981,0.477146
3,155,4.913509,4.443125,0.470383
3,156,4.914691,4.446183,0.468508
3,157,4.898396,4.429462,0.468933
3,158,4.882393,4.413289,0.469104
3,159,4.90315,4.437178,0.465973
3,160,4.886676,4.430441,0.456235
3,161,4.884347,4.419938,0.464409
3,162,4.864437,4.406986,0.457452
3,163,4.876022,4.405537,0.470485
3,164,4.836172,4.373147,0.463025
3,165,4.847328,4.387835,0.459493
3,166,4.826332,4.369107,0.457224
3,167,4.844954,4.386246,0.458708
3,168,4.809697,4.362991,0.446706
3,169,4.809715,4.35606,0.453655
3,170,4.788691,4.327934,0.460756
3,171,4.818312,4.360596,0.457715
3,172,4.793355,4.33591,0.457444
3,173,4.786925,4.336494,0.450431
3,174,4.788375,4.342363,0.446012
3,175,4.773162,4.323443,0.449719
3,176,4.769793,4.317521,0.452271
3,177,4.760441,4.307445,0.452996
3,178,4.757053,4.312441,0.444612
3,179,4.739643,4.29157,0.448073
3,180,4.754212,4.309842,0.444369
3,181,4.723739,4.275953,0.447786
3,182,4.755763,4.30968,0.446084
3,183,4.697895,4.259198,0.438697
3,184,4.72386,4.28824,0.435621
3,185,4.708849,4.26599,0.442858
3,186,4.70713,4.262597,0.444533
3,187,4.705433,4.265808,0.439625
3,188,4.70528,4.261644,0.443637
3,189,4.699332,4.261209,0.438122
3,190,4.679455,4.246364,0.433091
3,191,4.69553,4.258688,0.436842
3,192,4.672379,4.233467,0.438912
3,193,4.660314,4.229318,0.430996
3,194,4.653102,4.227091,0.426011
3,195,4.64133,4.207687,0.433643
3,196,4.653767,4.219516,0.434251
3,197,4.623889,4.185719,0.438169
3,198,4.654759,4.219406,0.435353
3,199,4.628302,4.198257,0.430045
3,200,4.620052,4.19401,0.426041
3,201,4.600121,4.172505,0.427616
3,202,4.605842,4.178829,0.427013
3,203,4.591482,4.165648,0.425834
3,204,4.577689,4.154332,0.423357
3,205,4.58162,4.15779,0.423829
3,206,4.562495,4.144463,0.418031
3,207,4.573002,4.149596,0.423406
3,208,4.596976,4.174263,0.422713
3,209,4.554294,4.131698,0.422596
3,210,4.56829,4.139511,0.428779
3,211,4.55992,4.133034,0.426886
3,212,4.531,4.108592,0.422408
3,213,4.548618,4.131446,0.417172
3,214,4.547747,4.127226,0.420521
3,215,4.541886,4.120861,0.421025
3,216,4.531098,4.107297,0.423801
3,217,4.516874,4.098423,0.418451
3,218,4.508509,4.086827,0.421682
3,219,4.49282,4.082502,0.410317
3,220,4.491267,4.077564,0.413704
3,221,4.510694,4.093477,0.417217
3,222,4.48692,4.075514,0.411406
3,223,4.482678,4.07148,0.411198
3,224,4.47443,4.056372,0.418058
3,225,4.46878,4.058691,0.41009
3,226,4.464094,4.050585,0.41351
3,227,4.457537,4.049093,0.408444
3,228,4.452407,4.045369,0.407038
3,229,4.442839,4.039272,0.403566
3,230,4.431228,4.020888,0.41034
3,231,4.446147,4.036192,0.409955
3,232,4.436798,4.035961,0.400837
3,233,4.425175,4.023147,0.402027
3,234,4.405249,4.003417,0.401832
3,235,4.411682,4.011437,0.400245
3,236,4.406287,3.999255,0.407032
3,237,4.403066,4.003156,0.399909
3,238,4.396291,3.996752,0.399539
3,239,4.392115,3.988682,0.403434
3,240,4.401032,4.000953,0.400079
3,241,4.374193,3.971736,0.402456
3,242,4.366336,3.969745,0.396591
3,243,4.362467,3.968263,0.394205
3,244,4.369676,3.97285,0.396825
3,245,4.366806,3.968169,0.398637
3,246,4.354658,3.95904,0.395619
3,247,4.350109,3.949838,0.400271
3,248,4.347379,3.953863,0.393517
3,249,4.340042,3.941379,0.398663
3,250,4.329145,3.932379,0.396766
3,251,4.328834,3.936765,0.392069
3,252,4.314826,3.923307,0.391519
3,253,4.316461,3.918123,0.398338
3,254,4.308342,3.920563,0.38778
3,255,4.305468,3.92156,0.383907
3,256,4.299621,3.908522,0.391099
3,257,4.298455,3.904447,0.394009
3,258,4.293485,3.905055,0.38843
3,259,4.304238,3.909757,0.394481
3,260,4.272254,3.883269,0.388985
3,261,4.257857,3.872237,0.38562
3,262,4.275701,3.891226,0.384475
3,263,4.257253,3.868568,0.388685
3,264,4.271424,3.880583,0.390841
3,265,4.275898,3.887128,0.38877
3,266,4.237344,3.851172,0.386172
3,267,4.237509,3.843524,0.393985
3,268,4.246513,3.857267,0.389246
3,269,4.228188,3.846414,0.381774
3,270,4.233951,3.849489,0.384462
3,271,4.222202,3.841517,0.380685
3,272,4.222131,3.840545,0.381586
3,273,4.211895,3.827665,0.38423
3,274,4.204366,3.823956,0.38041
3,275,4.199545,3.820625,0.37892
3,276,4.216594,3.832659,0.383935
3,277,4.200257,3.812822,0.387435
3,278,4.181787,3.798734,0.383053
3,279,4.182841,3.79684,0.386001
3,280,4.171756,3.790091,0.381665
3,281,4.192707,3.809425,0.383282
3,282,4.157941,3.781802,0.376139
3,283,4.175678,3.788937,0.386741
3,284,4.156105,3.780877,0.375229
3,285,4.167408,3.785812,0.381596
3,286,4.142217,3.762234,0.379983
3,287,4.139155,3.763423,0.375732
3,288,4.14518,3.770202,0.374978
3,289,4.137082,3.75967,0.377412
3,290,4.126717,3.752001,0.374716
3,291,4.133259,3.76204,0.37122
3,292,4.13004,3.754634,0.375406
3,293,4.140696,3.763131,0.377566
3,294,4.133643,3.75762,0.376024
3,295,4.121242,3.750639,0.370603
3,296,4.113812,3.731014,0.382798
3,297,4.100648,3.724364,0.376284
3,298,4.097031,3.727541,0.369491
3,299,4.092328,3.717055,0.375273
3,300,4.108837,3.734662,0.374175
4,1,14839.443561,14835.045954,4.397608
4,2,731.534291,729.368241,2.16605
4,3,329.519558,327.241142,2.278417
4,4,198.814879,196.961444,1.853435
4,5,113.818268,112.135001,1.683267
4,6,65.546653,64.000609,1.546044
4,7,30.180018,28.763143,1.416876
4,8,17.287078,15.968867,1.318211
4,9,14.066449,12.787962,1.278487
4,10,11.308783,10.057734,1.251049
4,11,9.876959,8.640686,1.236273
4,12,9.025254,7.808555,1.216699
4,13,8.275429,7.116517,1.158913
4,14,7.80665,6.661509,1.145141
4,15,7.482298,6.348664,1.133635
4,16,7.291175,6.182212,1.108962
4,17,7.153733,6.058369,1.095364
4,18,7.040662,5.971686,1.068976
4,19,6.955942,5.91547,1.040473
4,20,6.877665,5.860917,1.016748
4,21,6.832374,5.827997,1.004376
4,22,6.786591,5.801223,0.985367
4,23,6.721676,5.75174,0.969936
4,24,6.675777,5.714322,0.961455
4,25,6.658729,5.725983,0.932746
4,26,6.599416,5.667034,0.932383
4,27,6.574938,5.672162,0.902776
4,28,6.477935,5.585776,0.892159
4,29,6.505037,5.615758,0.889279
4,30,6.435892,5.572471,0.863421
4,31,6.385385,5.532868,0.852517
4,32,6.343397,5.503203,0.840194
4,33,6.315578,5.490816,0.824762
4,34,6.296558,5.47698,0.819577
4,35,6.271483,5.458377,0.813106
4,36,6.252997,5.44825,0.804748
4,37,6.199669,5.421457,0.778212
4,38,6.196603,5.408527,0.788076
4,39,6.123999,5.356785,0.767214
4,40,6.112596,5.34391,0.768686
4,41,6.119038,5.358047,0.76099
4,42,6.065428,5.31796,0.747468
4,43,6.040466,5.304752,0.735714
4,44,6.00033,5.266462,0.733868
4,45,6.010094,5.276265,0.733829
4,46,5.957399,5.24651,0.710889
4,47,5.978643,5.263196,0.715447
4,48,5.921624,5.21844,0.703184
4,49,5.919084,5.213723,0.70536
4,50,5.887296,5.193977,0.693319
4,51,5.870194,5.180427,0.689767
4,52,5.86521,5.186316,0.678894
4,53,5.844053,5.159516,0.684537
4,54,5.876595,5.211842,0.664753
4,55,5.813802,5.156674,0.657128
4,56,5.790164,5.119455,0.670708
4,57,5.818417,5.154008,0.664409
4,58,5.785838,5.130881,0.654957
4,59,5.749545,5.101621,0.647924
4,60,5.745519,5.101766,0.643753
4,61,5.738731,5.097468,0.641263
4,62,5.690449,5.056625,0.633823
4,63,5.684784,5.042301,0.642483
4,64,5.641805,5.027313,0.614492
4,65,5.637526,5.012316,0.62521
4,66,5.627346,5.003541,0.623805
4,67,5.642563,5.021495,0.621068
4,68,5.651846,5.041819,0.610027
4,69,5.566916,4.955272,0.611644
4,70,5.591777,4.979404,0.612374
4,71,5.551167,4.939889,0.611278
4,72,5.549967,4.956435,0.593532
4,73,5.545784,4.951278,0.594507
4,74,5.489197,4.888115,0.601081
4,75,5.504784,4.90923,0.595554
4,76,5.503564,4.914392,0.589172
4,77,5.484291,4.892177,0.592114
4,78,5.468744,4.879867,0.588876
4,79,5.474972,4.895457,0.579515
4,80,5.430691,4.853737,0.576954
4,81,5.45061,4.866083,0.584526
4,82,5.452077,4.876403,0.575673
4,83,5.40066,4.837037,0.563622
4,84,5.387491,4.81827,0.569221
4,85,5.378976,4.819973,0.559003
4,86,4.910437,4.355695,0.554742
4,87,4.332651,3.783219,0.549432
4,88,4.350946,3.799604,0.551342
4,89,4.314997,3.771322,0.543675
4,90,4.320999,3.773283,0.547716
4,91,4.318615,3.776349,0.542266
4,92,4.310336,3.777722,0.532614
4,93,4.282369,3.753734,0.528635
4,94,4.277646,3.750826,0.52682
4,95,4.257005,3.737104,0.519901
4,96,4.264244,3.743135,0.521109
4,97,4.236294,3.732155,0.504138
4,98,4.229523,3.723872,0.505651
4,99,4.222324,3.717432,0.504891
4,100,4.208145,3.700236,0.507909
4,101,4.199213,3.703469,0.495744
4,102,4.173,3.679128,0.493872
4,103,4.171945,3.68454,0.487405
4,104,4.154937,3.6676,0.487337
4,105,4.150671,3.666434,0.484237
4,106,4.131225,3.64495,0.486275
4,107,4.1309,3.6499,0.481
4,108,4.106571,3.630795,0.475776
4,109,4.105571,3.637632,0.467939
4,110,4.080273,3.610242,0.470031
4,111,4.07709,3.607489,0.469601
4,112,4.074447,3.61517,0.459277
4,113,4.067675,3.602228,0.465447
4,114,4.06153,3.599742,0.461788
4,115,4.056354,3.602182,0.454172
4,116,4.039573,3.58522,0.454353
4,117,4.01925,3.572578,0.446673
4,118,4.056147,3.608255,0.447892
4,119,4.018244,3.569295,0.448949
4,120,4.001702,3.551109,0.450593
4,121,3.995407,3.551756,0.44365
4,122,3.981782,3.540602,0.44118
4,123,3.989922,3.544798,0.445124
4,124,3.973352,3.540024,0.433327
4,125,3.967272,3.532536,0.434736
4,126,3.952223,3.518998,0.433225
4,127,3.964332,3.531228,0.433104
4,128,3.941037,3.511531,0.429506
4,129,3.917933,3.494243,0.42369
4,130,3.918356,3.489861,0.428495
4,131,3.913592,3.49111,0.422482
4,132,3.907216,3.483499,0.423717
4,133,3.89731,3.476957,0.420353
4,134,3.908231,3.487064,0.421167
4,135,3.887896,3.468586,0.41931
4,136,3.871049,3.453875,0.417174
4,137,3.876678,3.461773,0.414905
4,138,3.864521,3.452368,0.412153
4,139,3.85153,3.440161,0.411368
4,140,3.851564,3.443914,0.40765
4,141,3.840099,3.428979,0.41112
4,142,3.838584,3.430218,0.408366
4,143,3.833795,3.425925,0.40787
4,144,3.816629,3.4066,0.410029
4,145,3.826426,3.424269,0.402157
4,146,3.795487,3.394132,0.401355
4,147,3.79907,3.398699,0.400372
4,148,3.783047,3.382456,0.400591
4,149,3.778474,3.378795,0.399679
4,150,3.772831,3.37638,0.396451
4,151,3.777041,3.37963,0.397411
4,152,3.768108,3.373941,0.394167
4,153,3.774159,3.380044,0.394116
4,154,3.761063,3.367976,0.393087
4,155,3.752046,3.361184,0.390862
4,156,3.798119,3.40649,0.391629
4,157,3.725708,3.33608,0.389628
4,158,3.723571,3.329734,0.393837
4,159,3.716854,3.326137,0.390717
4,160,3.717131,3.330332,0.386799
4,161,3.710343,3.321128,0.389215
4,162,3.69685,3.312586,0.384265
4,163,3.692483,3.312489,0.379994
4,164,3.694082,3.309722,0.38436
4,165,3.696966,3.31437,0.382596
4,166,3.684794,3.300822,0.383972
4,167,3.658754,3.27883,0.379924
4,168,3.66574,3.293432,0.372308
4,169,3.662181,3.287789,0.374392
4,170,3.655298,3.273313,0.381985
4,171,3.643072,3.268401,0.374671
4,172,3.640018,3.263723,0.376295
4,173,3.640934,3.2661,0.374834
4,174,3.633619,3.261381,0.372238
4,175,3.604543,3.235339,0.369204
4,176,3.613093,3.241634,0.371459
4,177,3.608882,3.236765,0.372117
4,178,3.615951,3.253278,0.362673
4,179,3.603592,3.232343,0.371249
4,180,3.60351,3.237301,0.366209
4,181,3.5966,3.229876,0.366724
4,182,3.604305,3.235154,0.36915
4,183,3.573641,3.208198,0.365443
4,184,3.575755,3.207682,0.368073
4,185,3.570408,3.204883,0.365524
4,186,3.556452,3.190643,0.365809
4,187,3.56325,3.1978,0.36545
4,188,3.552252,3.189978,0.362274
4,189,3.544003,3.186417,0.357586
4,190,3.531174,3.169499,0.361675
4,191,3.527039,3.170443,0.356595
4,192,3.535949,3.175432,0.360516
4,193,3.519697,3.159206,0.360491
4,194,3.50036,3.143661,0.356699
4,195,3.500442,3.139129,0.361313
4,196,3.503183,3.144411,0.358772
4,197,3.49189,3.136388,0.355503
4,198,3.49555,3.139371,0.356179
4,199,3.483113,3.131774,0.351339
4,200,3.477187,3.123655,0.353533
4,201,3.470694,3.123175,0.347519
4,202,3.463967,3.11053,0.353437
4,203,3.458842,3.109848,0.348994
4,204,3.449903,3.10509,0.344813
4,205,3.469287,3.118537,0.35075
4,206,3.446014,3.096686,0.349328
4,207,3.457276,3.103393,0.353882
4,208,3.433084,3.085746,0.347338
4,209,3.433525,3.080322,0.353202
4,210,3.423893,3.07968,0.344212
4,211,3.406223,3.063425,0.342799
4,212,3.410496,3.066624,0.343873
4,213,3.416827,3.072741,0.344086
4,214,3.417415,3.072624,0.344791
4,215,3.393366,3.051664,0.341701
4,216,3.400867,3.056547,0.344319
4,217,3.386291,3.04529,0.341001
4,218,3.385694,3.040563,0.345131
4,219,3.393088,3.04807,0.345018
4,220,3.377405,3.034396,0.343009
4,221,3.361217,3.023894,0.337323
4,222,3.382876,3.041843,0.341034
4,223,3.362957,3.022782,0.340175
4,224,3.357499,3.015586,0.341913
4,225,3.371794,3.031419,0.340375
4,226,3.370251,3.0283,0.341951
4,227,3.343531,3.004406,0.339125
4,228,3.345716,3.00582,0.339896
4,229,3.328057,2.990288,0.337769
4,230,3.337183,3.001025,0.336158
4,231,3.338774,3.002071,0.336703
4,232,3.323718,2.989521,0.334197
4,233,3.327178,2.994036,0.333142
4,234,3.3106,2.976325,0.334275
4,235,3.318932,2.985943,0.332989
4,236,3.299342,2.966378,0.332964
4,237,3.300129,2.968683,0.331446
4,238,3.300839,2.965354,0.335485
4,239,3.303108,2.972668,0.33044
4,240,3.276444,2.948569,0.327875
4,241,3.293285,2.962392,0.330893
4,242,4.06379,3.728755,0.335036
4,243,4.124154,3.790562,0.333592
4,244,4.134619,3.802387,0.332233
4,245,4.136106,3.795325,0.340781
4,246,4.099405,3.771942,0.327463
4,247,4.102881,3.772344,0.330537
4,248,4.139695,3.805369,0.334325
4,249,4.089995,3.755201,0.334793
4,250,4.078882,3.745645,0.333238
4,251,4.067971,3.73881,0.329161
4,252,4.093894,3.758843,0.33505
4,253,4.078316,3.748907,0.329409
4,254,4.081188,3.746629,0.334559
4,255,4.068673,3.739445,0.329229
4,256,4.0999,3.764454,0.335446
4,257,4.065289,3.735386,0.329903
4,258,4.025642,3.691656,0.333987
4,259,4.046903,3.715653,0.33125
4,260,4.045047,3.713334,0.331713
4,261,4.041893,3.70981,0.332083
4,262,4.044284,3.710334,0.33395
4,263,4.056572,3.725453,0.331119
4,264,4.030633,3.698991,0.331643
4,265,4.261986,3.933873,0.328114
4,266,3.998849,3.667845,0.331004
4,267,3.988248,3.653809,0.334439
4,268,4.00548,3.675643,0.329837
4,269,4.019399,3.689859,0.32954
4,270,4.007135,3.671982,0.335153
4,271,3.423773,3.087521,0.336253
4,272,3.195178,2.866154,0.329024
4,273,3.185727,2.859143,0.326584
4,274,3.177188,2.845893,0.331294
4,275,3.18988,2.855055,0.334825
4,276,3.188063,2.854658,0.333405
4,277,3.176958,2.845304,0.331654
4,278,3.163124,2.837534,0.32559
4,279,3.17511,2.846654,0.328456
4,280,3.156385,2.826141,0.330244
4,281,3.173347,2.835639,0.337708
4,282,3.16245,2.833157,0.329292
4,283,3.152965,2.827239,0.325726
4,284,3.153022,2.824203,0.32882
4,285,3.136397,2.812328,0.324069
4,286,3.133099,2.813224,0.319875
4,287,3.130141,2.809791,0.32035
4,288,3.142197,2.818473,0.323724
4,289,3.120098,2.799183,0.320916
4,290,3.1143,2.791275,0.323024
4,291,3.09942,2.773959,0.325461
4,292,3.108733,2.786538,0.322194
4,293,3.108698,2.783468,0.32523
4,294,3.112022,2.791969,0.320054
4,295,3.111799,2.785661,0.326138
4,296,3.086375,2.770204,0.316171
4,297,3.093386,2.771046,0.322339
4,298,3.091266,2.771259,0.320006
4,299,3.078725,2.758916,0.319809
4,300,3.091637,2.771286,0.32035
5,1,2694.977889,2691.226107,3.75177
5,2,373.150528,368.888382,4.262143
5,3,261.159265,259.520532,1.638733
5,4,142.583485,141.299762,1.283722
5,5,54.769742,53.652288,1.117454
5,6,21.313862,20.2572,1.056662
5,7,12.474488,11.482464,0.992025
5,8,12.498818,11.536882,0.961936
5,9,11.329076,10.397763,0.931312
5,10,10.517936,9.622415,0.895521
5,11,9.951627,9.061294,0.890333
5,12,9.490758,8.634023,0.856736
5,13,9.144776,8.305782,0.838995
5,14,8.854198,8.039276,0.814922
5,15,8.553902,7.75716,0.796742
5,16,8.433457,7.653148,0.780309
5,17,8.27061,7.504875,0.765735
5,18,8.053722,7.320276,0.733445
5,19,8.030778,7.30243,0.728348
5,20,7.917472,7.208859,0.708613
5,21,7.805891,7.122292,0.683599
5,22,7.680932,7.008228,0.672704
5,23,7.573464,6.903892,0.669573
5,24,7.481575,6.82756,0.654015
5,25,7.424406,6.782981,0.641425
5,26,7.294064,6.667294,0.62677
5,27,7.214336,6.596603,0.617733
5,28,7.0954,6.491562,0.603838
5,29,6.151652,5.556827,0.594825
5,30,5.160693,4.576965,0.583728
5,31,5.140491,4.570596,0.569895
5,32,5.10634,4.54234,0.563999
5,33,5.073966,4.525587,0.548379
5,34,5.032343,4.486496,0.545847
5,35,5.002036,4.472574,0.529462
5,36,4.95599,4.437002,0.518988
5,37,4.933313,4.422732,0.510581
5,38,4.898459,4.393834,0.504625
5,39,4.855301,4.357631,0.49767
5,40,4.821779,4.332715,0.489064
5,41,4.816225,4.332097,0.484128
5,42,4.8015,4.321698,0.479802
5,43,4.760744,4.285717,0.475027
5,44,4.748762,4.278924,0.469838
5,45,4.714772,4.259637,0.455135
5,46,4.679288,4.227708,0.451579
5,47,4.668125,4.217817,0.450308
5,48,4.637283,4.189514,0.447769
5,49,4.617031,4.172965,0.444066
5,50,4.592645,4.153902,0.438744
5,51,4.579307,4.143718,0.435589
5,52,4.570921,4.139518,0.431403
5,53,4.543185,4.109172,0.434013
5,54,4.530809,4.105792,0.425016
5,55,4.495883,4.071125,0.424758
5,56,4.486796,4.067293,0.419503
5,57,4.468409,4.052705,0.415704
5,58,4.430129,4.014597,0.415531
5,59,4.434954,4.019694,0.41526
5,60,4.409532,4.000838,0.408694
5,61,4.382031,3.976444,0.405587
5,62,4.389031,3.979407,0.409624
5,63,4.364993,3.961299,0.403694
5,64,4.320504,3.924011,0.396493
5,65,4.34764,3.947939,0.399702
5,66,4.287842,3.894987,0.392856
5,67,4.283101,3.880516,0.402585
5,68,4.293706,3.898975,0.394732
5,69,4.275597,3.884644,0.390953
5,70,4.244864,3.85715,0.387714
5,71,4.246251,3.860429,0.385822
5,72,4.203156,3.817033,0.386122
5,73,4.224631,3.840141,0.38449
5,74,4.1898,3.80619,0.38361
5,75,4.192483,3.814232,0.378251
5,76,4.15466,3.781766,0.372894
5,77,4.156345,3.785612,0.370734
5,78,4.132365,3.752439,0.379925
5,79,4.119953,3.746097,0.373856
5,80,4.130893,3.761683,0.369209
5,81,4.096282,3.72588,0.370401
5,82,4.091554,3.72202,0.369534
5,83,4.087534,3.722071,0.365464
5,84,4.041963,3.678861,0.363102
5,85,4.062843,3.702476,0.360367
5,86,4.02749,3.664526,0.362964
5,87,4.021606,3.662094,0.359512
5,88,4.011219,3.648053,0.363166
5,89,4.029942,3.668908,0.361033
5,90,3.975628,3.623356,0.352272
5,91,4.002688,3.649381,0.353307
5,92,3.962934,3.606925,0.356009
5,93,3.955873,3.599967,0.355906
5,94,3.950067,3.595405,0.354662
5,95,3.940729,3.594378,0.34635
5,96,3.950734,3.597125,0.353608
5,97,3.90732,3.551467,0.355852
5,98,3.913933,3.563385,0.350549
5,99,3.889408,3.54284,0.346569
5,100,3.879323,3.534533,0.344791
5,101,3.894035,3.545245,0.34879
5,102,3.847079,3.495555,0.351525
5,103,3.857402,3.511847,0.345556
5,104,3.834337,3.49083,0.343506
5,105,3.828189,3.484202,0.343986
5,106,3.820807,3.479765,0.341043
5,107,3.824389,3.485143,0.339246
5,108,3.794623,3.453575,0.341048
5,109,3.789256,3.450549,0.338707
5,110,3.800296,3.460623,0.339673
5,111,3.763001,3.424936,0.338065
5,112,3.775423,3.436384,0.339039
5,113,3.741505,3.40466,0.336845
5,114,3.777703,3.442718,0.334985
5,115,3.718252,3.385475,0.332777
5,116,3.719205,3.384062,0.335143
5,117,3.703014,3.367366,0.335648
5,118,3.690735,3.351471,0.339264
5,119,3.702892,3.366045,0.336847
5,120,3.680288,3.349121,0.331167
5,121,3.541492,3.203743,0.337749
5,122,3.245283,2.911313,0.333971
5,123,3.226335,2.893393,0.332942
5,124,3.222433,2.888442,0.333991
5,125,3.200459,2.869243,0.331216
5,126,3.202339,2.865911,0.336428
5,127,3.203443,2.874423,0.329019
5,128,3.167295,2.842053,0.325242
5,129,3.149915,2.821214,0.328701
5,130,3.132429,2.808845,0.323584
5,131,3.134857,2.803558,0.3313
5,132,3.12126,2.797019,0.324241
5,133,3.125081,2.795725,0.329356
5,134,3.114309,2.791562,0.322747
5,135,3.089801,2.7678,0.322002
5,136,3.109258,2.791915,0.317344
5,137,3.115479,2.797563,0.317915
5,138,3.044483,2.726097,0.318387
5,139,3.041957,2.725265,0.316692
5,140,3.039756,2.717731,0.322025
5,141,3.025855,2.707671,0.318184
5,142,3.039593,2.725965,0.313628
5,143,3.02772,2.712299,0.315421
5,144,3.003308,2.685383,0.317925
5,145,3.005855,2.684968,0.320887
5,146,2.977982,2.664762,0.313219
5,147,2.97844,2.664722,0.313718
5,148,2.966994,2.652857,0.314137
5,149,2.964204,2.652187,0.312016
5,150,2.959556,2.646638,0.312918
5,151,2.957101,2.639436,0.317665
5,152,2.937339,2.618054,0.319285
5,153,2.92086,2.609462,0.311398
5,154,2.936387,2.629403,0.306984
5,155,2.956677,2.645151,0.311526
5,156,2.915746,2.613359,0.302386
5,157,2.904891,2.597412,0.307478
5,158,2.907217,2.597445,0.309772
5,159,2.905423,2.595725,0.309698
5,160,2.88179,2.568871,0.312919
5,161,2.865251,2.560826,0.304425
5,162,2.852931,2.545755,0.307175
5,163,2.853075,2.542515,0.31056
5,164,2.849431,2.542855,0.306576
5,165,2.84988,2.537995,0.311886
5,166,2.82911,2.521403,0.307707
5,167,2.828306,2.517465,0.310841
5,168,2.83362,2.524232,0.309388
5,169,2.813221,2.507742,0.305479
5,170,2.814481,2.508165,0.306316
5,171,2.79463,2.489439,0.305191
5,172,2.787759,2.478605,0.309155
5,173,2.778871,2.478418,0.300453
5,174,2.802303,2.490634,0.311669
5,175,2.767633,2.462369,0.305264
5,176,2.751447,2.448932,0.302515
5,177,2.767433,2.468371,0.299062
5,178,2.763832,2.452736,0.311095
5,179,2.761535,2.451284,0.310251
5,180,2.741157,2.436838,0.304319
5,181,2.733449,2.428775,0.304674
5,182,2.724571,2.415582,0.308989
5,183,2.734072,2.426712,0.30736
5,184,2.719517,2.421109,0.298408
5,185,2.706943,2.404591,0.302352
5,186,2.707592,2.40824,0.299352
5,187,2.689086,2.385871,0.303215
5,188,2.688219,2.384178,0.304042
5,189,2.692112,2.392323,0.299788
5,190,2.680422,2.379054,0.301368
5,191,2.680673,2.381956,0.298718
5,192,2.678775,2.377592,0.301183
5,193,2.653377,2.351501,0.301876
5,194,2.663853,2.364816,0.299037
5,195,2.659299,2.358577,0.300722
5,196,2.643948,2.344272,0.299676
5,197,2.651332,2.348714,0.302618
5,198,2.635777,2.340407,0.29537
5,199,2.627033,2.325668,0.301365
5,200,2.631334,2.327254,0.30408
5,201,2.619309,2.315174,0.304135
5,202,2.616098,2.316321,0.299778
5,203,2.624261,2.330391,0.29387
5,204,2.604106,2.304548,0.299557
5,205,2.600504,2.302015,0.298489
5,206,2.600634,2.301351,0.299282
5,207,2.591985,2.29625,0.295735
5,208,2.585018,2.290192,0.294826
5,209,2.578269,2.281936,0.296333
5,210,2.577071,2.278916,0.298155
5,211,2.579537,2.275373,0.304164
5,212,2.572637,2.270291,0.302346
5,213,2.54806,2.25635,0.29171
5,214,2.55733,2.261065,0.296264
5,215,2.575639,2.280322,0.295316
5,216,2.534362,2.238809,0.295553
5,217,2.55059,2.251835,0.298755
5,218,2.535174,2.237083,0.298091
5,219,2.529757,2.234285,0.295472
5,220,2.523377,2.224255,0.299122
5,221,2.529096,2.234472,0.294624
5,222,2.519694,2.223767,0.295927
5,223,2.514942,2.220554,0.294388
5,224,2.51266,2.218665,0.293995
5,225,2.50852,2.210968,0.297552
5,226,2.495559,2.201544,0.294015
5,227,2.496257,2.206446,0.28981
5,228,2.490781,2.194053,0.296728
5,229,2.495208,2.201287,0.293921
5,230,2.481941,2.180264,0.301677
5,231,2.470155,2.181092,0.289063
5,232,2.476851,2.18424,0.292611
5,233,2.466836,2.175623,0.291213
5,234,2.462129,2.17305,0.289079
5,235,2.473606,2.177518,0.296088
5,236,2.472606,2.178403,0.294203
5,237,2.452863,2.156475,0.296388
5,238,2.463077,2.165297,0.29778
5,239,2.44476,2.151392,0.293369
5,240,2.4327,2.139288,0.293413
5,241,2.435093,2.140705,0.294387
5,242,2.431315,2.138356,0.292959
5,243,2.429998,2.138933,0.291065
5,244,2.442928,2.149295,0.293633
5,245,2.432815,2.13566,0.297155
5,246,2.417986,2.119902,0.298084
5,247,2.429724,2.126773,0.302951
5,248,2.412288,2.119181,0.293107
5,249,2.398272,2.104278,0.293993
5,250,2.406827,2.110734,0.296093
5,251,2.416601,2.113786,0.302815
5,252,2.401864,2.103032,0.298831
5,253,2.411871,2.117124,0.294747
5,254,2.39106,2.097157,0.293903
5,255,2.385801,2.092568,0.293233
5,256,2.384103,2.095881,0.288221
5,257,2.392913,2.099963,0.29295
5,258,2.370016,2.08225,0.287766
5,259,2.369222,2.081002,0.28822
5,260,2.369484,2.080068,0.289416
5,261,2.368376,2.073269,0.295107
5,262,2.347593,2.060862,0.286731
5,263,2.348473,2.055611,0.292861
5,264,2.35925,2.067784,0.291467
5,265,2.34931,2.055333,0.293976
5,266,2.339586,2.046368,0.293218
5,267,2.346587,2.050762,0.295825
5,268,2.344246,2.048448,0.295798
5,269,2.334338,2.045158,0.289179
5,270,2.330347,2.037095,0.293251
5,271,2.327354,2.033593,0.293761
5,272,2.573269,2.28543,0.287839
5,273,2.715,2.420152,0.294848
5,274,2.724407,2.429471,0.294937
5,275,2.704791,2.412692,0.292099
5,276,2.694617,2.405316,0.289301
5,277,2.722171,2.42983,0.29234
5,278,2.691451,2.399921,0.29153
5,279,2.693856,2.4062,0.287657
5,280,2.682079,2.393876,0.288203
5,281,2.678819,2.389284,0.289535
5,282,2.54766,2.249001,0.298659
5,283,2.298234,2.001998,0.296235
5,284,2.284752,1.992539,0.292213
5,285,2.27646,1.986674,0.289786
5,286,2.296489,2.007507,0.288982
5,287,2.282742,1.993087,0.289655
5,288,2.287095,1.995652,0.291443
5,289,2.273242,1.984579,0.288663
5,290,2.279649,1.98835,0.291299
5,291,2.264568,1.975436,0.289132
5,292,2.271248,1.987518,0.28373
5,293,2.264191,1.975724,0.288467
5,294,2.244481,1.958766,0.285715
5,295,2.254424,1.964222,0.290202
5,296,2.280693,1.989719,0.290974
5,297,2.251345,1.958475,0.29287
5,298,2.254989,1.961979,0.29301
5,299,2.243719,1.957154,0.286566
5,300,2.235082,1.94703,0.288052
6,1,1744.406991,1742.540903,1.866093
6,2,395.345343,393.309386,2.035956
6,3,241.150718,239.944344,1.206374
6,4,116.479309,115.398832,1.080476
6,5,41.725187,40.695015,1.030172
6,6,19.222231,18.268666,0.953565
6,7,13.863051,12.958623,0.904428
6,8,10.94562,10.075895,0.869725
6,9,9.211064,8.362686,0.848378
6,10,8.333687,7.512313,0.821374
6,11,7.692386,6.888116,0.80427
6,12,7.234487,6.442338,0.792149
6,13,7.097862,6.32405,0.773811
6,14,6.879223,6.129909,0.749314
6,15,6.75705,6.013687,0.743362
6,16,6.647409,5.908812,0.738597
6,17,6.57814,5.864206,0.713934
6,18,6.478328,5.77353,0.704798
6,19,6.386231,5.695751,0.69048
6,20,6.349978,5.674054,0.675924
6,21,6.203799,5.538808,0.664991
6,22,6.210611,5.547971,0.66264
6,23,6.142362,5.503257,0.639105
6,24,6.05346,5.416646,0.636814
6,25,6.050265,5.418316,0.631949
6,26,6.033073,5.422015,0.611058
6,27,5.918843,5.310966,0.607877
6,28,5.885646,5.289627,0.596019
6,29,5.8405,5.24823,0.59227
6,30,5.806102,5.223543,0.582559
6,31,5.735417,5.168042,0.567376
6,32,5.662158,5.104513,0.557645
6,33,5.636416,5.07972,0.556696
6,34,5.605951,5.062188,0.543763
6,35,5.562639,5.027109,0.53553
6,36,5.496425,4.964201,0.532224
6,37,5.475334,4.944264,0.531071
6,38,5.452277,4.934975,0.517301
6,39,5.4098,4.894376,0.515424
6,40,5.37361,4.863915,0.509695
6,41,5.344057,4.845893,0.498163
6,42,5.303558,4.803667,0.499892
6,43,5.306615,4.816936,0.489679
6,44,5.252993,4.766197,0.486796
6,45,5.217831,4.733963,0.483869
6,46,5.194301,4.721721,0.47258
6,47,5.161575,4.691202,0.470373
6,48,5.121332,4.65467,0.466661
6,49,5.108781,4.645619,0.463163
6,50,5.070165,4.610282,0.459883
6,51,5.040176,4.585708,0.454469
6,52,5.02328,4.569676,0.453603
6,53,5.007242,4.556025,0.451217
6,54,4.972165,4.529077,0.443088
6,55,4.960827,4.515062,0.445766
6,56,4.91499,4.479969,0.435021
6,57,4.898572,4.466569,0.432003
6,58,4.883504,4.44733,0.436174
6,59,4.853656,4.423481,0.430175
6,60,4.821207,4.395629,0.425578
6,61,4.795639,4.375525,0.420114
6,62,4.79198,4.364393,0.427587
6,63,4.753142,4.335456,0.417685
6,64,4.746855,4.327984,0.418871
6,65,4.72518,4.31083,0.41435
6,66,4.697465,4.286086,0.411378
6,67,4.659717,4.253142,0.406575
6,68,4.66521,4.254781,0.41043
6,69,4.640067,4.234162,0.405905
6,70,4.622795,4.220581,0.402214
6,71,4.615206,4.217061,0.398145
6,72,4.589258,4.190048,0.39921
6,73,4.540561,4.146003,0.394558
6,74,4.541855,4.152415,0.38944
6,75,4.520759,4.129114,0.391645
6,76,4.501569,4.111475,0.390094
6,77,4.482967,4.088244,0.394723
6,78,4.47416,4.087639,0.386521
6,79,4.464342,4.079673,0.384668
6,80,4.45475,4.067873,0.386877
6,81,4.431017,4.04489,0.386127
6,82,4.3996,4.020234,0.379366
6,83,4.391331,4.012744,0.378587
6,84,4.3932,4.015639,0.377561
6,85,4.372307,3.994605,0.377702
6,86,4.353784,3.984233,0.369551
6,87,4.331259,3.963903,0.367356
6,88,4.321538,3.949158,0.372379
6,89,4.284785,3.913887,0.370898
6,90,4.300128,3.928436,0.371692
6,91,4.272222,3.901459,0.370763
6,92,4.25708,3.886778,0.370302
6,93,4.238011,3.869916,0.368095
6,94,4.199478,3.84042,0.359058
6,95,4.203612,3.841212,0.362399
6,96,4.200326,3.839629,0.360696
6,97,4.17213,3.813047,0.359082
6,98,4.168136,3.806171,0.361965
6,99,4.148956,3.793745,0.355211
6,100,4.163915,3.811498,0.352417
6,101,4.134864,3.778431,0.356433
6,102,4.125643,3.768915,0.356728
6,103,4.106641,3.749769,0.356872
6,104,4.086338,3.732452,0.353886
6,105,4.069998,3.716292,0.353706
6,106,4.073151,3.721222,0.351929
6,107,4.077562,3.725357,0.352204
6,108,4.036805,3.687861,0.348944
6,109,4.024444,3.680207,0.344237
6,110,4.004737,3.662328,0.342409
6,111,4.009271,3.663289,0.345982
6,112,3.99609,3.648364,0.347726
6,113,3.975994,3.637354,0.33864
6,114,3.970633,3.627877,0.342756
6,115,3.95622,3.614178,0.342042
6,116,3.922346,3.580234,0.342112
6,117,3.91644,3.573773,0.342667
6,118,3.901116,3.561607,0.339509
6,119,3.914771,3.571961,0.34281
6,120,3.908345,3.569658,0.338687
6,121,3.872392,3.531644,0.340749
6,122,3.871758,3.531282,0.340476
6,123,3.847339,3.51183,0.335509
6,124,3.850504,3.511605,0.338898
6,125,3.848218,3.508134,0.340084
6,126,3.838125,3.503153,0.334973
6,127,3.815621,3.478082,0.337539
6,128,3.79964,3.466566,0.333074
6,129,3.792078,3.458153,0.333925
6,130,3.794689,3.46099,0.333699
6,131,3.784512,3.449073,0.335439
6,132,3.765059,3.432987,0.332072
6,133,3.735302,3.40203,0.333271
6,134,3.731697,3.399919,0.331778
6,135,3.739883,3.405927,0.333956
6,136,3.713429,3.383665,0.329765
6,137,3.714807,3.380741,0.334066
6,138,3.694997,3.368183,0.326814
6,139,3.68709,3.360207,0.326882
6,140,3.679649,3.35394,0.325709
6,141,3.646606,3.317928,0.328678
6,142,3.639982,3.316212,0.32377
6,143,3.671808,3.343413,0.328394
6,144,3.648494,3.320628,0.327866
6,145,3.649324,3.320328,0.328995
6,146,3.641533,3.31304,0.328494
6,147,3.613914,3.282138,0.331776
6,148,3.600185,3.274193,0.325992
6,149,3.599931,3.274154,0.325777
6,150,3.584614,3.258955,0.325658
6,151,3.574386,3.247016,0.32737
6,152,3.570606,3.247256,0.323351
6,153,3.553478,3.230017,0.323461
6,154,3.558279,3.233769,0.324509
6,155,3.546021,3.22134,0.324681
6,156,3.542182,3.214446,0.327736
6,157,3.520368,3.198298,0.32207
6,158,3.53165,3.19813,0.333521
6,159,3.521168,3.197593,0.323576
6,160,3.515486,3.191122,0.324364
6,161,3.487234,3.166239,0.320996
6,162,3.48778,3.163827,0.323952
6,163,3.48085,3.15914,0.32171
6,164,3.469391,3.152243,0.317149
6,165,3.468782,3.146736,0.322046
6,166,3.453792,3.131743,0.322049
6,167,3.453039,3.136223,0.316816
6,168,3.442222,3.127546,0.314676
6,169,3.414435,3.094072,0.320363
6,170,3.418828,3.095521,0.323308
6,171,3.408961,3.09082,0.318141
6,172,3.40953,3.086791,0.322739
6,173,3.396886,3.078429,0.318457
6,174,3.37854,3.06189,0.31665
6,175,3.379051,3.067911,0.31114
6,176,3.364596,3.048698,0.315898
6,177,3.359762,3.047739,0.312023
6,178,3.339053,3.023642,0.315411
6,179,3.343946,3.029483,0.314462
6,180,3.351731,3.037089,0.314642
6,181,3.324107,3.003245,0.320862
6,182,3.320054,3.004756,0.315298
6,183,3.298914,2.983434,0.31548
6,184,3.303348,2.989103,0.314245
6,185,3.29718,2.98453,0.31265
6,186,2.934153,2.622271,0.311882
6,187,2.896961,2.585836,0.311125
6,188,2.869921,2.557553,0.312368
6,189,2.85548,2.547532,0.307948
6,190,2.869005,2.558089,0.310917
6,191,2.847333,2.530883,0.31645
6,192,2.833892,2.52418,0.309712
6,193,2.832185,2.52254,0.309645
6,194,2.815852,2.507189,0.308663
6,195,2.805588,2.500389,0.305199
6,196,2.80148,2.498668,0.302812
6,197,2.79092,2.480106,0.310814
6,198,2.800926,2.496417,0.30451
6,199,2.771871,2.465818,0.306053
6,200,2.794916,2.487494,0.307422
6,201,2.776058,2.466887,0.309171
6,202,2.744162,2.439988,0.304173
6,203,2.753262,2.448186,0.305076
6,204,2.755777,2.445493,0.310284
6,205,2.738239,2.425543,0.312696
6,206,2.728139,2.42404,0.304099
6,207,2.721007,2.41849,0.302517
6,208,2.718681,2.4132,0.305481
6,209,2.70254,2.402005,0.300536
6,210,2.686727,2.386052,0.300675
6,211,2.684558,2.382076,0.302483
6,212,2.682977,2.381116,0.30186
6,213,2.679144,2.381523,0.297621
6,214,2.670323,2.368982,0.301341
6,215,2.671617,2.370809,0.300807
6,216,2.654753,2.354187,0.300565
6,217,2.645113,2.350409,0.294704
6,218,2.634848,2.333444,0.301404
6,219,2.648041,2.346164,0.301878
6,220,2.628494,2.324162,0.304333
6,221,2.626761,2.324809,0.301953
6,222,2.619788,2.315998,0.30379
6,223,2.607845,2.310034,0.297811
6,224,2.602245,2.302016,0.300229
6,225,2.591331,2.295894,0.295436
6,226,2.585578,2.290984,0.294594
6,227,2.590671,2.287295,0.303376
6,228,2.580043,2.278264,0.301779
6,229,2.572114,2.275349,0.296765
6,230,2.567427,2.271885,0.295542
6,231,2.555707,2.259336,0.296372
6,232,2.546791,2.248553,0.298238
6,233,2.548413,2.248314,0.300099
6,234,2.541254,2.246502,0.294752
6,235,2.549374,2.250849,0.298525
6,236,2.538595,2.239273,0.299322
6,237,2.534831,2.234204,0.300627
6,238,2.534349,2.231434,0.302914
6,239,2.506456,2.211828,0.294629
6,240,2.513502,2.217761,0.295741
6,241,2.506217,2.209164,0.297053
6,242,2.508247,2.211372,0.296875
6,243,2.497509,2.206957,0.290553
6,244,2.489212,2.192122,0.29709
6,245,2.500956,2.201297,0.299659
6,246,2.478826,2.185753,0.293073
6,247,2.481759,2.17956,0.302198
6,248,2.467278,2.176344,0.290933
6,249,2.461533,2.166667,0.294866
6,250,2.574968,2.282706,0.292262
6,251,2.449879,2.156107,0.293772
6,252,2.458563,2.164427,0.294136
6,253,2.435216,2.14135,0.293866
6,254,2.456238,2.155713,0.300525
6,255,2.446122,2.154374,0.291748
6,256,2.444751,2.152795,0.291955
6,257,2.423529,2.1303,0.29323
6,258,2.424023,2.130449,0.293574
6,259,2.42652,2.136801,0.289719
6,260,2.41435,2.117204,0.297147
6,261,2.401927,2.105817,0.29611
6,262,2.420861,2.125843,0.295018
6,263,2.421438,2.128865,0.292573
6,264,2.407548,2.112621,0.294928
6,265,2.417209,2.123963,0.293246
6,266,2.39131,2.102326,0.288983
6,267,2.392989,2.096319,0.29667
6,268,2.376391,2.085828,0.290563
6,269,2.38932,2.09074,0.29858
6,270,2.370451,2.079769,0.290682
6,271,2.372044,2.080663,0.29138
6,272,2.358707,2.069722,0.288985
6,273,2.374167,2.075376,0.298792
6,274,2.365465,2.07189,0.293575
6,275,2.348236,2.061158,0.287078
6,276,2.337793,2.048511,0.289282
6,277,2.354941,2.058172,0.296769
6,278,2.339063,2.044521,0.294542
6,279,2.337449,2.040213,0.297236
6,280,2.335948,2.043196,0.292752
6,281,2.332916,2.034343,0.298573
6,282,2.353557,2.059863,0.293694
6,283,2.323576,2.029789,0.293786
6,284,2.330887,2.036381,0.294506
6,285,2.31427,2.015866,0.298403
6,286,2.30922,2.018725,0.290495
6,287,2.313482,2.015534,0.297948
6,288,2.298849,2.010461,0.288388
6,289,2.309645,2.016745,0.2929
6,290,2.295685,2.002724,0.292961
6,291,2.298549,2.007254,0.291295
6,292,2.276351,1.981059,0.295292
6,293,2.303837,2.011127,0.29271
6,294,2.277698,1.98773,0.289967
6,295,2.265079,1.977649,0.28743
6,296,2.275156,1.982427,0.292729
6,297,2.268243,1.975145,0.293097
6,298,2.26488,1.972941,0.291939
6,299,2.268024,1.978733,0.289291
6,300,2.262751,1.966926,0.295824
7,1,6730.382069,6725.652473,4.729597
7,2,531.911894,529.019578,2.892315
7,3,335.154965,333.306038,1.848927
7,4,191.325741,189.779491,1.54625
7,5,88.499544,87.173543,1.326
7,6,41.22895,39.954343,1.274607
7,7,21.989823,20.754225,1.235598
7,8,16.562475,15.365719,1.196756
7,9,13.228469,12.055404,1.173064
7,10,10.936094,9.781917,1.154177
7,11,9.506328,8.362527,1.1438
7,12,8.686542,7.571952,1.11459
7,13,8.213007,7.138509,1.074498
7,14,7.936646,6.870164,1.066482
7,15,7.698485,6.650456,1.048029
7,16,7.482774,6.469909,1.012865
7,17,7.346138,6.344966,1.001171
7,18,7.259354,6.272977,0.986377
7,19,7.188756,6.230812,0.957945
7,20,7.09371,6.158024,0.935686
7,21,7.00876,6.084835,0.923925
7,22,6.985633,6.0862,0.899433
7,23,6.91834,6.025199,0.89314
7,24,6.81826,5.955341,0.862919
7,25,6.762608,5.908517,0.854091
7,26,6.7009,5.86929,0.831611
7,27,6.689201,5.861856,0.827345
7,28,6.620634,5.819736,0.800898
7,29,6.532057,5.734092,0.797966
7,30,6.471258,5.692263,0.778995
7,31,6.421775,5.66069,0.761085
7,32,6.419742,5.672986,0.746756
7,33,6.352502,5.606405,0.746096
7,34,6.320109,5.600037,0.720072
7,35,6.255966,5.537888,0.718078
7,36,6.245688,5.543942,0.701746
7,37,6.237352,5.538119,0.699233
7,38,6.184134,5.49315,0.690984
7,39,6.139577,5.469554,0.670023
7,40,6.116872,5.453274,0.663597
7,41,6.096759,5.43641,0.660349
7,42,6.056675,5.400832,0.655843
7,43,5.993878,5.355442,0.638436
7,44,6.001046,5.360141,0.640905
7,45,5.969939,5.342223,0.627717
7,46,5.914395,5.29251,0.621885
7,47,5.870466,5.251329,0.619138
7,48,5.878363,5.271137,0.607226
7,49,5.849686,5.251209,0.598478
7,50,5.82049,5.229311,0.591178
7,51,5.769976,5.17869,0.591286
7,52,5.778937,5.193664,0.585273
7,53,5.754511,5.172094,0.582417
7,54,5.716864,5.145583,0.571281
7,55,5.679564,5.113793,0.565771
7,56,5.711383,5.139387,0.571996
7,57,5.618738,5.06541,0.553328
7,58,5.605839,5.055607,0.550233
7,59,5.574744,5.025166,0.549578
7,60,5.612899,5.065361,0.547538
7,61,5.562903,5.020482,0.54242
7,62,5.553849,5.012532,0.541317
7,63,5.538369,5.0056,0.532769
7,64,5.480644,4.945245,0.535399
7,65,5.478428,4.953628,0.5248
7,66,5.456703,4.937469,0.519235
7,67,5.443125,4.924764,0.51836
7,68,5.415786,4.900759,0.515028
7,69,5.397182,4.888953,0.508229
7,70,5.366861,4.861701,0.505161
7,71,5.358525,4.851423,0.507103
7,72,5.359182,4.860873,0.498309
7,73,5.32647,4.821418,0.505052
7,74,5.315097,4.815422,0.499675
7,75,5.315571,4.821451,0.49412
7,76,5.268086,4.777298,0.490788
7,77,5.27928,4.782588,0.496692
7,78,5.250783,4.763094,0.487688
7,79,5.203398,4.728155,0.475243
7,80,5.233672,4.752294,0.481378
7,81,5.19136,4.714089,0.477271
7,82,5.164514,4.695629,0.468886
7,83,5.169089,4.692344,0.476745
7,84,5.138787,4.666977,0.47181
7,85,5.142888,4.673609,0.469279
7,86,5.125504,4.659346,0.466158
7,87,5.122073,4.651902,0.470171
7,88,5.079834,4.615848,0.463986
7,89,5.084854,4.614296,0.470558
7,90,5.07728,4.620199,0.457082
7,91,5.021641,4.564984,0.456657
7,92,5.040911,4.583544,0.457367
7,93,5.019627,4.566381,0.453247
7,94,5.001263,4.548739,0.452523
7,95,5.013751,4.556817,0.456935
7,96,4.99131,4.543102,0.448209
7,97,4.966396,4.520176,0.44622
7,98,4.978627,4.528653,0.449975
7,99,4.941584,4.495344,0.44624
7,100,4.940802,4.493478,0.447325
7,101,4.908269,4.464244,0.444025
7,102,4.897776,4.458915,0.438861
7,103,4.897598,4.458524,0.439074
7,104,4.869604,4.440715,0.428889
7,105,4.852133,4.416039,0.436094
7,106,4.870094,4.43221,0.437884
7,107,4.883322,4.449107,0.434216
7,108,4.822634,4.388774,0.43386
7,109,4.862563,4.431825,0.430738
7,110,4.811354,4.377817,0.433538
7,111,4.782146,4.356259,0.425887
7,112,4.774394,4.343633,0.430761
7,113,4.776164,4.35255,0.423615
7,114,4.74583,4.326226,0.419605
7,115,4.74749,4.325036,0.422455
7,116,4.740876,4.323499,0.417377
7,117,4.715449,4.301058,0.414391
7,118,4.704887,4.285264,0.419623
7,119,4.686848,4.273222,0.413626
7,120,4.698712,4.285215,0.413497
7,121,4.676081,4.260615,0.415466
7,122,4.686542,4.270068,0.416474
7,123,4.70591,4.291125,0.414785
7,124,4.633226,4.216991,0.416235
7,125,4.616967,4.207923,0.409044
7,126,4.624783,4.217007,0.407776
7,127,4.641339,4.232424,0.408916
7,128,4.594418,4.188846,0.405572
7,129,4.589571,4.182308,0.407262
7,130,4.594716,4.191681,0.403035
7,131,4.595304,4.193204,0.4021
7,132,4.562112,4.160226,0.401886
7,133,4.57765,4.171995,0.405656
7,134,4.565642,4.164706,0.400936
7,135,4.544277,4.14029,0.403987
7,136,4.523187,4.125575,0.397612
7,137,4.535839,4.138044,0.397795
7,138,4.50037,4.104942,0.395429
7,139,4.51617,4.116902,0.399267
7,140,4.509397,4.111835,0.397562
7,141,4.475847,4.087685,0.388162
7,142,4.494797,4.096575,0.398222
7,143,4.490519,4.098241,0.392278
7,144,4.450488,4.062049,0.388439
7,145,4.450946,4.062146,0.3888
7,146,4.423062,4.03043,0.392633
7,147,4.438405,4.048227,0.390177
7,148,4.441158,4.044906,0.396252
7,149,4.422264,4.032942,0.389322
7,150,4.42123,4.03006,0.39117
7,151,4.399413,4.014946,0.384467
7,152,4.384473,3.999046,0.385428
7,153,4.386191,4.001007,0.385184
7,154,4.397251,4.013286,0.383966
7,155,4.378562,3.996838,0.381724
7,156,4.350466,3.968016,0.382451
7,157,4.3453,3.963843,0.381457
7,158,4.345523,3.964259,0.381265
7,159,4.330321,3.952999,0.377322
7,160,4.322396,3.941271,0.381125
7,161,4.322988,3.944167,0.378821
7,162,4.313744,3.940145,0.373599
7,163,4.32054,3.943742,0.376798
7,164,4.298456,3.92336,0.375096
7,165,4.287915,3.914069,0.373846
7,166,4.276903,3.901046,0.375857
7,167,4.321329,3.948132,0.373197
7,168,4.254076,3.881361,0.372715
7,169,4.240115,3.865235,0.37488
7,170,4.237305,3.865528,0.371777
7,171,4.23776,3.860817,0.376944
7,172,4.214708,3.841376,0.373332
7,173,4.207212,3.834036,0.373176
7,174,4.225583,3.850934,0.374649
7,175,4.198687,3.829778,0.368909
7,176,4.22002,3.850189,0.369831
7,177,4.191109,3.821447,0.369662
7,178,4.206925,3.843272,0.363653
7,179,4.204869,3.836926,0.367943
7,180,4.192142,3.826398,0.365744
7,181,4.168069,3.803222,0.364847
7,182,4.167489,3.800882,0.366606
7,183,4.130819,3.766899,0.36392
7,184,4.136469,3.77386,0.362609
7,185,4.124592,3.762914,0.361677
7,186,4.143501,3.775739,0.367762
7,187,4.122784,3.757878,0.364906
7,188,4.130332,3.766299,0.364033
7,189,4.120882,3.756846,0.364037
7,190,4.104373,3.7528,0.351573
7,191,4.11133,3.748737,0.362593
7,192,4.123805,3.766384,0.357421
7,193,4.087236,3.732274,0.354962
7,194,4.097999,3.739338,0.358662
7,195,4.050047,3.688288,0.361759
7,196,3.456519,3.094706,0.361813
7,197,3.443128,3.088455,0.354673
7,198,3.420075,3.066549,0.353526
7,199,3.420505,3.067259,0.353246
7,200,3.442536,3.087024,0.355512
7,201,3.413895,3.057405,0.35649
7,202,3.40184,3.058612,0.343228
7,203,3.411022,3.061061,0.349961
7,204,3.396654,3.045006,0.351648
7,205,3.381653,3.031596,0.350056
7,206,3.391239,3.04247,0.348769
7,207,3.365948,3.01831,0.347638
7,208,3.361082,3.014903,0.346179
7,209,3.354657,3.007264,0.347393
7,210,3.358704,3.012625,0.34608
7,211,3.334059,2.995381,0.338678
7,212,3.346055,3.003499,0.342556
7,213,3.326645,2.985385,0.34126
7,214,3.315533,2.975099,0.340433
7,215,3.317919,2.975684,0.342235
7,216,3.350484,3.009971,0.340514
7,217,3.306799,2.967641,0.339158
7,218,3.285259,2.948961,0.336298
7,219,3.30261,2.968942,0.333668
7,220,3.277713,2.942285,0.335428
7,221,3.281057,2.945775,0.335283
7,222,3.265068,2.930113,0.334954
7,223,3.263425,2.926865,0.33656
7,224,3.262333,2.927868,0.334466
7,225,3.239756,2.908793,0.330962
7,226,3.240376,2.905327,0.335048
7,227,3.2345,2.902267,0.332233
7,228,3.229566,2.897465,0.332101
7,229,3.22423,2.894114,0.330115
7,230,3.219174,2.888512,0.330662
7,231,3.202986,2.880417,0.322569
7,232,3.195534,2.872436,0.323097
7,233,3.201831,2.870253,0.331579
7,234,3.186621,2.857599,0.329021
7,235,3.171618,2.847275,0.324344
7,236,3.173416,2.849183,0.324233
7,237,3.177284,2.855851,0.321433
7,238,3.163093,2.840785,0.322308
7,239,3.153347,2.825871,0.327475
7,240,3.149639,2.826537,0.323102
7,241,3.144449,2.822198,0.322251
7,242,3.134397,2.817032,0.317365
7,243,3.134695,2.814026,0.320669
7,244,3.123137,2.806502,0.316635
7,245,3.114215,2.795967,0.318248
7,246,3.106482,2.783042,0.32344
7,247,3.108703,2.784973,0.32373
7,248,3.113151,2.793652,0.319499
7,249,3.089127,2.768328,0.320799
7,250,3.100334,2.78112,0.319214
7,251,3.082521,2.766311,0.316211
7,252,3.085046,2.768694,0.316352
7,253,3.077532,2.759195,0.318337
7,254,3.076304,2.760207,0.316097
7,255,3.070837,2.75219,0.318647
7,256,3.061617,2.74618,0.315437
7,257,3.08388,2.773344,0.310536
7,258,3.049632,2.733512,0.316119
7,259,3.035685,2.723133,0.312552
7,260,3.058799,2.740001,0.318798
7,261,3.019198,2.707405,0.311792
7,262,3.038123,2.727994,0.310129
7,263,3.038294,2.723849,0.314445
7,264,3.043747,2.728206,0.315541
7,265,3.032792,2.721414,0.311378
7,266,3.028843,2.711709,0.317134
7,267,2.99976,2.693549,0.306211
7,268,3.011265,2.695191,0.316074
7,269,2.988915,2.677612,0.311303
7,270,2.992453,2.684209,0.308244
7,271,2.984415,2.674522,0.309893
7,272,2.987642,2.672961,0.314681
7,273,2.984321,2.675972,0.308349
7,274,2.990561,2.681115,0.309447
7,275,2.968374,2.65856,0.309814
7,276,2.969983,2.654815,0.315168
7,277,2.954092,2.646277,0.307815
7,278,2.946768,2.638781,0.307987
7,279,2.968708,2.65667,0.312038
7,280,2.939344,2.627516,0.311829
7,281,2.950576,2.646242,0.304334
7,282,2.932165,2.6256,0.306565
7,283,2.927645,2.622294,0.305352
7,284,2.945045,2.633967,0.311078
7,285,3.007826,2.693992,0.313834
7,286,3.041153,2.726382,0.314771
7,287,2.908579,2.60617,0.302409
7,288,2.917717,2.60819,0.309527
7,289,2.914995,2.600922,0.314073
7,290,2.90041,2.59497,0.305439
7,291,2.88978,2.590774,0.299006
7,292,2.903831,2.596618,0.307213
7,293,2.89806,2.593046,0.305014
7,294,2.891843,2.588038,0.303804
7,295,2.879975,2.578669,0.301306
7,296,2.879184,2.57281,0.306374
7,297,2.934416,2.627779,0.306638
7,298,2.892417,2.586618,0.305799
7,299,2.869799,2.564077,0.305722
7,300,2.870742,2.5661,0.304642
8,1,655711.867375,655655.013469,56.858263
8,2,72003.480375,71990.644953,12.835345
8,3,18108.553938,18090.161609,18.392399
8,4,5973.418382,5964.97892,8.43946
8,5,2382.771718,2376.993653,5.778062
8,6,882.207108,877.521092,4.686016
8,7,417.74155,413.958615,3.782936
8,8,276.813784,273.440859,3.372925
8,9,157.527747,154.455868,3.07188
8,10,114.422637,111.607713,2.814925
8,11,85.635502,82.794324,2.841178
8,12,71.677727,68.883069,2.794658
8,13,60.72308,57.985228,2.737852
8,14,52.253986,49.616774,2.637213
8,15,47.556124,44.899681,2.656444
8,16,43.709444,40.867636,2.841808
8,17,39.088657,36.430515,2.658142
8,18,36.294722,33.836367,2.458355
8,19,33.891184,31.37216,2.519024
8,20,32.186366,29.681515,2.50485
8,21,31.22092,28.728748,2.492172
8,22,29.780808,27.20096,2.579848
8,23,28.363151,25.896055,2.467096
8,24,27.512404,25.005174,2.50723
8,25,26.804646,24.365425,2.439221
8,26,26.407922,24.06815,2.339772
8,27,26.319127,23.855536,2.463591
8,28,25.965139,23.496866,2.468272
8,29,25.773885,23.282938,2.490947
8,30,25.448286,23.031327,2.416959
8,31,24.813903,22.409515,2.404388
8,32,24.882836,22.561447,2.321389
8,33,25.037744,22.748881,2.288863
8,34,24.512501,22.122131,2.390371
8,35,24.366761,22.082178,2.284583
8,36,24.430676,21.944662,2.486014
8,37,24.322877,22.079461,2.243415
8,38,24.073599,21.79149,2.282108
8,39,23.994837,21.774837,2.22
8,40,23.952867,21.550854,2.402013
8,41,23.850264,21.579374,2.27089
8,42,23.752168,21.576892,2.175275
8,43,23.744236,21.467171,2.277065
8,44,23.67406,21.364368,2.309691
8,45,23.218122,21.026508,2.191614
8,46,22.961408,20.762257,2.199151
8,47,24.291254,21.957728,2.333526
8,48,51.185596,48.831825,2.353771
8,49,50.816861,48.570989,2.245872
8,50,50.455669,48.263114,2.192555
8,51,50.249564,48.117584,2.131979
8,52,50.209604,48.102924,2.10668
8,53,50.491203,48.194303,2.2969
8,54,49.631924,47.347283,2.284641
8,55,48.75831,46.587441,2.170869
8,56,49.251173,47.17938,2.071793
8,57,48.821824,46.564197,2.257627
8,58,22.478236,20.308755,2.169481
8,59,22.362551,20.154312,2.208239
8,60,22.306278,20.147085,2.159194
8,61,21.991343,19.834308,2.157035
8,62,22.23831,19.976895,2.261415
8,63,22.720083,20.382303,2.33778
8,64,21.936753,19.744269,2.192485
8,65,22.412134,20.303662,2.108472
8,66,21.929461,19.858024,2.071437
8,67,21.648697,19.592524,2.056173
8,68,22.504241,20.310781,2.19346
8,69,20.542137,18.448441,2.093696
8,70,11.365217,9.092138,2.273079
8,71,10.980438,8.840151,2.140287
8,72,10.90902,8.854391,2.054629
8,73,11.305421,9.140096,2.165325
8,74,11.175716,9.046882,2.128834
8,75,10.930598,8.858744,2.071854
8,76,11.156245,9.0793,2.076946
8,77,16.56709,14.56137,2.00572
8,78,21.190836,19.227426,1.96341
8,79,21.510974,19.51003,2.000944
8,80,21.232421,19.254502,1.977919
8,81,21.184399,19.238289,1.94611
8,82,21.290732,19.186818,2.103914
8,83,21.435647,19.38455,2.051097
8,84,21.3063,19.336842,1.969458
8,85,21.203147,19.256276,1.946872
8,86,21.459497,19.257617,2.20188
8,87,21.250774,19.319867,1.930907
8,88,21.367645,19.292149,2.075495
8,89,15.636378,13.703258,1.93312
8,90,13.176287,11.166418,2.009869
8,91,10.644831,8.694565,1.950266
8,92,11.045704,9.096049,1.949655
8,93,10.695773,8.674211,2.021562
8,94,20.510035,18.632293,1.877742
8,95,20.720126,18.792397,1.927729
8,96,20.894549,18.946368,1.94818
8,97,20.908202,18.972868,1.935334
8,98,20.571136,18.636979,1.934157
8,99,20.650545,18.757658,1.892887
8,100,20.991321,19.077409,1.913912
8,101,20.795472,18.764219,2.031252
8,102,20.56936,18.749731,1.819629
8,103,20.591106,18.709694,1.881412
8,104,19.911798,18.072278,1.839519
8,105,10.614701,8.644995,1.969706
8,106,10.647607,8.76749,1.880117
8,107,10.485372,8.558557,1.926814
8,108,14.576232,12.78804,1.788192
8,109,20.151423,18.387911,1.763511
8,110,20.352114,18.520345,1.831769
8,111,20.244316,18.420571,1.823745
8,112,20.154033,18.320514,1.833519
8,113,20.289713,18.531777,1.757936
8,114,20.275189,18.367532,1.907657
8,115,20.151047,18.313439,1.837608
8,116,20.227106,18.441477,1.785629
8,117,20.242416,18.455554,1.786862
8,118,20.187902,18.374092,1.81381
8,119,19.985145,18.221066,1.764079
8,120,19.86751,18.150661,1.716849
8,121,20.306939,18.536759,1.77018
8,122,19.837209,18.071302,1.765907
8,123,19.926581,18.039579,1.887002
8,124,19.59234,17.830839,1.761501
8,125,19.608512,17.8169,1.791612
8,126,19.802313,17.98997,1.812344
8,127,19.708278,17.912494,1.795784
8,128,19.431189,17.781266,1.649922
8,129,19.56619,17.732644,1.833546
8,130,19.634079,17.826213,1.807866
8,131,20.022232,18.197461,1.824771
8,132,19.724804,17.917912,1.806892
8,133,19.475876,17.694399,1.781477
8,134,19.700492,17.943542,1.75695
8,135,19.538561,17.781775,1.756786
8,136,19.64952,17.796043,1.853476
8,137,19.351898,17.746436,1.605462
8,138,19.311254,17.588491,1.722763
8,139,19.279438,17.533626,1.745812
8,140,19.147729,17.417116,1.730613
8,141,19.704468,17.711087,1.99338
8,142,19.395637,17.704764,1.690873
8,143,14.306146,12.652353,1.653793
8,144,9.859301,8.174769,1.684532
8,145,10.070544,8.367155,1.70339
8,146,10.208944,8.555325,1.653618
8,147,10.232634,8.423393,1.809241
8,148,12.69026,10.935737,1.754523
8,149,19.037321,17.31776,1.719561
8,150,18.675834,16.985321,1.690512
8,151,18.909075,17.164153,1.744921
8,152,18.772236,17.133139,1.639097
8,153,18.802118,17.056124,1.745994
8,154,18.893816,17.33906,1.554756
8,155,18.95265,17.225736,1.726914
8,156,18.860769,17.288787,1.571982
8,157,18.575655,16.973849,1.601806
8,158,18.86917,17.316018,1.553152
8,159,12.504221,10.918505,1.585716
8,160,9.590602,7.925298,1.665304
8,161,9.68309,8.020283,1.662807
8,162,9.636066,8.09236,1.543707
8,163,9.556564,7.976584,1.57998
8,164,14.963089,13.362047,1.601042
8,165,18.770959,16.948193,1.822766
8,166,18.554747,16.907726,1.647021
8,167,18.414292,16.730689,1.683604
8,168,18.556568,16.881659,1.674909
8,169,18.431447,16.797409,1.634038
8,170,18.558763,16.892254,1.666509
8,171,18.46498,16.888198,1.576781
8,172,18.569789,17.009279,1.56051
8,173,18.55762,16.978066,1.579553
8,174,18.565967,16.826461,1.739506
8,175,18.230592,16.619761,1.610832
8,176,18.407131,16.852855,1.554276
8,177,18.350181,16.751063,1.599118
8,178,18.568453,16.835338,1.733116
8,179,18.266778,16.664814,1.601964
8,180,18.1017,16.599231,1.502469
8,181,17.995378,16.514238,1.48114
8,182,11.44943,9.846821,1.602609
8,183,9.588357,7.884984,1.703373
8,184,9.756201,8.231651,1.52455
8,185,9.45112,7.839317,1.611803
8,186,9.477733,7.954115,1.523617
8,187,9.39047,7.890223,1.500247
8,188,9.384635,7.810597,1.574038
8,189,9.442006,7.826492,1.615514
8,190,10.639435,9.026928,1.612507
8,191,12.451182,11.013764,1.437419
8,192,9.524106,7.931239,1.592867
8,193,9.595186,7.990559,1.604627
8,194,9.480661,7.853745,1.626916
8,195,9.609744,8.079226,1.530518
8,196,9.5392,8.090415,1.448785
8,197,9.476391,7.967299,1.509092
8,198,13.238732,11.688355,1.550377
8,199,17.917545,16.450379,1.467166
8,200,17.925125,16.273081,1.652044
8,201,17.675087,16.261694,1.413393
8,202,17.715438,16.218157,1.497282
8,203,17.71109,16.171672,1.539418
8,204,17.789576,16.31275,1.476825
8,205,17.852015,16.401103,1.450912
8,206,18.077448,16.424535,1.652913
8,207,17.819005,16.387826,1.431179
8,208,17.870147,16.400403,1.469744
8,209,17.384297,15.895393,1.488904
8,210,17.405793,15.964238,1.441555
8,211,17.68293,16.26007,1.42286
8,212,17.688438,16.16623,1.522208
8,213,17.616929,16.200044,1.416885
8,214,17.508304,16.056111,1.452194
8,215,17.698972,16.205933,1.493039
8,216,17.607089,16.237453,1.369636
8,217,17.828094,16.362215,1.465879
8,218,17.634996,16.01263,1.622366
8,219,17.719281,16.166293,1.552988
8,220,17.683029,16.159349,1.52368
8,221,17.455603,15.99757,1.458033
8,222,17.641569,16.033854,1.607715
8,223,17.564972,16.094417,1.470555
8,224,17.518856,15.915067,1.603789
8,225,17.535028,16.048597,1.486431
8,226,17.624427,16.323996,1.300431
8,227,17.743997,16.304845,1.439152
8,228,17.250145,15.713296,1.536849
8,229,17.479084,15.926636,1.552448
8,230,17.27966,15.832518,1.447142
8,231,17.448518,16.035023,1.413495
8,232,17.418311,16.033893,1.384418
8,233,17.438176,16.036916,1.40126
8,234,17.486613,16.02416,1.462453
8,235,18.287321,16.796285,1.491036
8,236,17.08436,15.627164,1.457195
8,237,16.943135,15.591486,1.351648
8,238,17.126839,15.678498,1.448341
8,239,17.11434,15.788643,1.325696
8,240,17.234534,15.912288,1.322245
8,241,17.117177,15.778667,1.33851
8,242,17.02156,15.621278,1.400281
8,243,17.189202,15.760094,1.429109
8,244,13.348079,11.936678,1.411401
8,245,16.475973,15.049354,1.426619
8,246,16.811149,15.417745,1.393405
8,247,17.04645,15.559286,1.487164
8,248,17.007627,15.375827,1.6318
8,249,16.985333,15.51523,1.470103
8,250,16.978857,15.504104,1.474753
8,251,16.90625,15.482695,1.423555
8,252,16.870126,15.45738,1.412746
8,253,16.859098,15.381105,1.477993
8,254,17.086334,15.530323,1.556011
8,255,16.956734,15.596518,1.360216
8,256,16.036235,14.517501,1.518734
8,257,12.555548,11.198759,1.356789
8,258,8.958673,7.55931,1.399364
8,259,9.104711,7.653431,1.451279
8,260,8.824705,7.398677,1.426028
8,261,9.081562,7.725955,1.355607
8,262,8.862636,7.471967,1.390669
8,263,8.82837,7.460498,1.367872
8,264,8.827353,7.486589,1.340764
8,265,13.023118,11.512819,1.510299
8,266,17.085939,15.718727,1.367212
8,267,16.424273,15.179114,1.245159
8,268,16.534936,15.110529,1.424408
8,269,16.59217,15.251688,1.340481
8,270,16.649094,15.212701,1.436393
8,271,16.524456,15.203746,1.320711
8,272,16.743404,15.358124,1.38528
8,273,16.748646,15.318628,1.430018
8,274,16.740859,15.297995,1.442864
8,275,16.618563,15.164081,1.454482
8,276,9.132239,7.777975,1.354265
8,277,8.780372,7.483837,1.296535
8,278,12.685598,11.292964,1.392634
8,279,16.654478,15.144523,1.509955
8,280,16.47438,14.98198,1.492399
8,281,16.4608,15.1273,1.3335
8,282,16.527244,15.215396,1.311848
8,283,16.440497,15.090733,1.349764
8,284,16.470885,15.185678,1.285207
8,285,16.47385,15.071183,1.402667
8,286,17.130187,15.703481,1.426706
8,287,16.428631,15.004923,1.423707
8,288,16.262031,15.00143,1.2606
8,289,16.356809,15.123741,1.233068
8,290,16.431474,15.023951,1.407523
8,291,16.498995,15.233916,1.26508
8,292,16.334387,14.960815,1.373572
8,293,16.254286,14.99126,1.263026
8,294,15.803831,14.517065,1.286765
8,295,16.319286,14.993861,1.325425
8,296,16.364854,14.995548,1.369306
8,297,16.32009,15.035314,1.284776
8,298,16.256208,14.95906,1.297149
8,299,16.290466,14.865161,1.425306
8,300,16.123821,14.792682,1.331139
9,1,127967.078832,127954.381762,12.697054
9,2,5931.796669,5927.144832,4.651836
9,3,1042.760296,1035.423414,7.336883
9,4,456.166732,452.66855,3.498182
9,5,269.099967,265.908893,3.191073
9,6,171.17342,168.145974,3.027446
9,7,114.130295,111.224857,2.905439
9,8,74.005361,71.29295,2.712411
9,9,49.201923,46.576654,2.62527
9,10,36.047154,33.545799,2.501355
9,11,30.16538,27.674487,2.490893
9,12,23.955716,21.516193,2.439523
9,13,20.488216,18.076248,2.411968
9,14,18.175767,15.773863,2.401904
9,15,16.594484,14.252265,2.34222
9,16,15.374171,13.074136,2.300035
9,17,14.757647,12.475147,2.2825
9,18,13.682329,11.523188,2.159141
9,19,13.41059,11.228222,2.182368
9,20,12.81052,10.683138,2.127381
9,21,12.415248,10.28913,2.126117
9,22,12.252031,10.114666,2.137366
9,23,12.09019,10.006174,2.084016
9,24,11.772416,9.696723,2.075694
9,25,11.742266,9.720602,2.021664
9,26,11.645619,9.641465,2.004154
9,27,10.977974,8.986144,1.99183
9,28,7.821058,5.858195,1.962863
9,29,7.591567,5.706434,1.885133
9,30,7.508269,5.644678,1.863591
9,31,7.441823,5.629475,1.812348
9,32,7.438302,5.618484,1.819818
9,33,7.387825,5.588782,1.799043
9,34,7.280843,5.557096,1.723747
9,35,7.26846,5.547339,1.72112
9,36,7.227424,5.535221,1.692203
9,37,7.159216,5.475131,1.684085
9,38,7.095044,5.460736,1.634308
9,39,7.085338,5.479821,1.605517
9,40,7.110294,5.520048,1.590246
9,41,6.992317,5.422592,1.569725
9,42,6.961274,5.389626,1.571649
9,43,6.896344,5.365595,1.530749
9,44,6.921994,5.406286,1.515707
9,45,6.885839,5.384083,1.501756
9,46,6.827978,5.35649,1.471488
9,47,6.815843,5.388136,1.427707
9,48,6.752842,5.331197,1.421645
9,49,6.78488,5.340409,1.444471
9,50,6.700976,5.326946,1.374029
9,51,6.679956,5.296837,1.383119
9,52,6.694701,5.320021,1.374681
9,53,6.644436,5.283771,1.360665
9,54,6.613661,5.265483,1.348178
9,55,6.604659,5.287923,1.316737
9,56,6.533829,5.247607,1.286222
9,57,6.521834,5.236408,1.285426
9,58,8.583446,7.33614,1.247306
9,59,6.489904,5.215874,1.27403
9,60,6.457668,5.227525,1.230143
9,61,6.414613,5.17968,1.234933
9,62,6.424267,5.188285,1.235983
9,63,6.366552,5.144163,1.222389
9,64,6.375964,5.170561,1.205403
9,65,6.379117,5.17755,1.201567
9,66,6.355342,5.19288,1.162462
9,67,6.356453,5.181716,1.174737
9,68,6.356455,5.177109,1.179345
9,69,6.342963,5.175966,1.166997
9,70,6.281286,5.162434,1.118852
9,71,6.277475,5.136339,1.141136
9,72,6.272534,5.151965,1.12057
9,73,6.259287,5.1389,1.120387
9,74,6.250901,5.125802,1.125099
9,75,6.279935,5.17217,1.107765
9,76,6.200446,5.112415,1.088031
9,77,6.23975,5.145402,1.094348
9,78,6.133338,5.092654,1.040684
9,79,6.142608,5.094898,1.04771
9,80,6.144663,5.069637,1.075026
9,81,6.159259,5.095491,1.063768
9,82,6.087269,5.070817,1.016453
9,83,6.099309,5.098155,1.001155
9,84,6.125429,5.079013,1.046416
9,85,6.083953,5.061686,1.022268
9,86,6.069818,5.072689,0.997129
9,87,6.010578,5.034238,0.97634
9,88,5.999993,5.042188,0.957805
9,89,6.016878,5.031499,0.985379
9,90,6.002969,5.066737,0.936232
9,91,5.970139,5.025623,0.944516
9,92,5.983332,5.031511,0.95182
9,93,6.013688,5.066544,0.947144
9,94,5.952798,4.98202,0.970778
9,95,5.917923,4.970808,0.947115
9,96,5.955903,5.006183,0.94972
9,97,5.986356,5.011451,0.974905
9,98,5.894999,4.955511,0.939488
9,99,5.888028,4.959845,0.928183
9,100,5.875279,4.967041,0.908238
9,101,5.869948,4.955467,0.914481
9,102,5.827324,4.948646,0.878678
9,103,5.854842,4.950074,0.904768
9,104,5.814932,4.91813,0.896801
9,105,5.874137,4.956051,0.918087
9,106,5.786748,4.931513,0.855235
9,107,5.792293,4.929375,0.862918
9,108,5.807007,4.92313,0.883877
9,109,5.76098,4.921785,0.839195
9,110,5.782828,4.908785,0.874043
9,111,5.768741,4.906746,0.861995
9,112,5.728066,4.877142,0.850925
9,113,5.719477,4.873727,0.84575
9,114,5.750286,4.901482,0.848804
9,115,5.765175,4.885406,0.879769
9,116,5.709743,4.886225,0.823518
9,117,5.690563,4.867356,0.823207
9,118,5.796904,4.924336,0.872568
9,119,5.711093,4.877914,0.833179
9,120,5.627936,4.829917,0.798019
9,121,5.699974,4.864325,0.835649
9,122,5.713,4.884915,0.828085
9,123,5.649515,4.829465,0.820051
9,124,5.627644,4.843158,0.784486
9,125,5.62101,4.818746,0.802264
9,126,5.595156,4.811973,0.783184
9,127,5.611714,4.82856,0.783154
9,128,5.645697,4.821194,0.824503
9,129,5.587382,4.813432,0.77395
9,130,5.640534,4.863264,0.777269
9,131,5.58051,4.79035,0.79016
9,132,5.5463,4.789328,0.756972
9,133,5.566056,4.81208,0.753977
9,134,5.602664,4.799172,0.803491
9,135,5.536214,4.781911,0.754303
9,136,5.524104,4.785302,0.738802
9,137,5.544007,4.80161,0.742397
9,138,5.504031,4.763765,0.740266
9,139,5.552876,4.778766,0.77411
9,140,5.516363,4.766601,0.749762
9,141,5.494367,4.764554,0.729813
9,142,5.490494,4.733812,0.756681
9,143,5.490348,4.756875,0.733473
9,144,5.480771,4.73424,0.746531
9,145,5.466784,4.743447,0.723336
9,146,5.473398,4.758935,0.714463
9,147,5.46631,4.751395,0.714914
9,148,5.433345,4.734807,0.698538
9,149,5.438062,4.714787,0.723276
9,150,5.472948,4.739946,0.733002
9,151,5.478313,4.730964,0.74735
9,152,5.405806,4.706064,0.699742
9,153,5.462502,4.737011,0.725491
9,154,5.391133,4.683167,0.707966
9,155,5.431653,4.724586,0.707067
9,156,5.437913,4.715022,0.722891
9,157,5.38084,4.697377,0.683462
9,158,5.363495,4.678134,0.68536
9,159,5.410886,4.699097,0.711789
9,160,5.383909,4.682256,0.701654
9,161,5.345884,4.664577,0.681307
9,162,5.356952,4.690495,0.666458
9,163,5.354111,4.662526,0.691585
9,164,5.2999,4.652552,0.647347
9,165,5.321058,4.652013,0.669046
9,166,5.305007,4.653874,0.651133
9,167,5.327105,4.671725,0.65538
9,168,5.322908,4.638337,0.684572
9,169,5.359143,4.677059,0.682084
9,170,5.318216,4.633274,0.684941
9,171,5.287034,4.630655,0.656379
9,172,5.31086,4.626263,0.684597
9,173,5.331914,4.653011,0.678902
9,174,5.296687,4.635126,0.661561
9,175,5.309565,4.640218,0.669347
9,176,5.310369,4.639155,0.671215
9,177,5.26745,4.606488,0.660962
9,178,5.269881,4.608325,0.661556
9,179,5.49047,4.830706,0.659764
9,180,5.194977,4.534591,0.660387
9,181,5.203869,4.570743,0.633126
9,182,5.179301,4.563004,0.616297
9,183,5.22609,4.573552,0.652538
9,184,5.21147,4.570839,0.640631
9,185,5.162274,4.559386,0.602888
9,186,5.221952,4.560614,0.661339
9,187,5.224973,4.595824,0.62915
9,188,5.162777,4.569481,0.593296
9,189,5.214677,4.571286,0.643392
9,190,5.20363,4.594886,0.608744
9,191,5.151967,4.541938,0.610029
9,192,5.14055,4.535826,0.604723
9,193,5.160959,4.559258,0.601701
9,194,5.14392,4.550397,0.593523
9,195,5.165921,4.564437,0.601484
9,196,5.181163,4.549559,0.631603
9,197,5.285241,4.655439,0.629802
9,198,5.136484,4.539404,0.59708
9,199,5.130415,4.537306,0.593109
9,200,5.156395,4.516272,0.640123
9,201,5.129623,4.519124,0.610499
9,202,5.143193,4.530237,0.612956
9,203,5.125232,4.532574,0.592659
9,204,5.131767,4.522089,0.609677
9,205,5.11055,4.508371,0.602179
9,206,5.182949,4.532205,0.650744
9,207,5.10253,4.509503,0.593027
9,208,5.072729,4.513773,0.558956
9,209,5.075081,4.488923,0.586158
9,210,5.098344,4.504009,0.594335
9,211,5.074555,4.483125,0.591431
9,212,5.083745,4.50876,0.574986
9,213,5.09562,4.502689,0.592931
9,214,5.069567,4.499493,0.570073
9,215,5.05435,4.467599,0.586751
9,216,5.058006,4.48627,0.571736
9,217,6.239682,5.687594,0.552088
9,218,4.997285,4.424797,0.572488
9,219,4.999906,4.435435,0.564471
9,220,4.985374,4.424302,0.561073
9,221,5.002199,4.427887,0.574313
9,222,4.98066,4.416482,0.564178
9,223,4.988401,4.420239,0.568161
9,224,4.981144,4.421453,0.559691
9,225,4.961784,4.413103,0.548681
9,226,4.996753,4.433523,0.56323
9,227,5.02702,4.444353,0.582666
9,228,4.979761,4.446667,0.533094
9,229,4.983794,4.419698,0.564097
9,230,4.978491,4.42625,0.552241
9,231,5.032708,4.467269,0.565439
9,232,4.95674,4.390992,0.565747
9,233,4.992467,4.434153,0.558313
9,234,4.959617,4.41629,0.543326
9,235,4.952516,4.412228,0.540287
9,236,4.942076,4.406281,0.535795
9,237,6.89208,6.343377,0.548703
9,238,5.005843,4.43762,0.568223
9,239,4.870132,4.337472,0.53266
9,240,4.881333,4.334698,0.546635
9,241,4.894028,4.367646,0.526381
9,242,4.927496,4.365238,0.562258
9,243,4.891353,4.358397,0.532956
9,244,4.862353,4.339943,0.52241
9,245,4.916038,4.382503,0.533535
9,246,4.899549,4.342443,0.557106
9,247,4.941462,4.392377,0.549085
9,248,4.841628,4.346595,0.495033
9,249,4.935295,4.397605,0.537689
9,250,4.911885,4.380554,0.531331
9,251,4.870815,4.348517,0.522298
9,252,4.865643,4.351158,0.514485
9,253,4.933783,4.384335,0.549449
9,254,4.881506,4.369172,0.512334
9,255,4.898776,4.389063,0.509713
9,256,4.888336,4.370824,0.517512
9,257,4.89072,4.358254,0.532466
9,258,4.869558,4.357402,0.512156
9,259,4.82366,4.301474,0.522186
9,260,4.841991,4.335672,0.50632
9,261,4.806946,4.316909,0.490037
9,262,4.884013,4.363905,0.520108
9,263,4.813051,4.316548,0.496503
9,264,4.900924,4.358147,0.542777
9,265,4.821656,4.325811,0.495845
9,266,4.847825,4.330099,0.517726
9,267,4.822601,4.314965,0.507636
9,268,5.905625,5.361,0.544625
9,269,4.894297,4.380209,0.514089
9,270,4.740038,4.250221,0.489817
9,271,4.765733,4.265209,0.500523
9,272,4.800373,4.269168,0.531205
9,273,4.789523,4.300999,0.488524
9,274,4.805705,4.275559,0.530146
9,275,4.770196,4.282836,0.48736
9,276,4.775837,4.274779,0.501058
9,277,4.798226,4.297203,0.501024
9,278,4.764312,4.279251,0.485062
9,279,4.769152,4.266408,0.502744
9,280,4.843331,4.319032,0.524299
9,281,4.788299,4.283522,0.504777
9,282,4.846358,4.335492,0.510867
9,283,4.786993,4.294095,0.492897
9,284,4.774907,4.273067,0.501839
9,285,4.722035,4.244245,0.47779
9,286,4.77866,4.271004,0.507657
9,287,4.75853,4.265704,0.492826
9,288,4.748325,4.267003,0.481322
9,289,4.753885,4.256851,0.497034
9,290,4.758217,4.267361,0.490856
9,291,4.72866,4.25998,0.468679
9,292,5.331642,4.840226,0.491416
9,293,4.670804,4.179224,0.49158
9,294,4.707897,4.222711,0.485186
9,295,4.716538,4.231969,0.484568
9,296,4.716394,4.221854,0.49454
9,297,4.698306,4.202949,0.495357
9,298,4.686896,4.205407,0.481489
9,299,4.743289,4.254266,0.489023
9,300,4.724535,4.238501,0.486034
